Rarity	Culture	colour	N	Age	Life	Speed	Art	Title	Type1	Type2	Type	SubCategory	SubCategoryArt	MountedArt	Specialty	Specialty1	Specialty2	Signature	Description	Lore	Upgrade1	Upgrade2	Upgrade3	Upgrade1Art	Upgrade2Art	Upgrade3Art
Rare	African	Adventurer	40	III	2	1	\Art\Adventurers\debtera.png	Debtera	\Art\Categories\Types\religious.png		Religious				Non-fighting	\Art\Speciality\non fighting.png		Ritual	Comes with Christianity.  Can use any Paganist skills regardless of limitations.	« Then I created the talisman and included the shaved eyebrows of the hyena in the scroll by using the hyena skin. Then I give it to the patient. »	Abun	Shaman		\Art\Adventurers\abun.png	\Art\Adventurers\shaman.png	
Normal	English	Adventurer	111	I	4	1	\Art\Adventurers\captain.png	Captain	\Art\Categories\Types\soldier.png		Soldier				Melee	\Art\Speciality\melee.png		Promote	+1 Attack for each different Specialty in the group when you attack with this adventurer. 	« You French fight for money, while we fight for honour! »	Admiral			\Art\Adventurers\admiral.png		
Normal	Chinese	Adventurer	604	I	2	1	\Art\Adventurers\treasurer.png	Treasurer	\Art\Categories\Types\intellectual.png		Intellectual				Non-fighting	\Art\Speciality\non fighting.png		Mathematics	You can pay with cards of your map instead of Gold.		Adviser			\Art\Adventurers\adviser.png		
Rare	African	Adventurer	457	I	4	1	\Art\Adventurers\ogun warrior.png	Ògún Warrior	\Art\Categories\Types\soldier.png		Soldier				Melee	\Art\Speciality\melee.png		Polearm mastery	+1 attack per other Sudanese adventurer in your group.	« Ògún elémono eran ahùn ni je,  mákindé ti dogun leyin odi »	African Villagers	Imbangala		\Art\Adventurers\african villagers.png	\Art\Adventurers\imbangala.png	
Normal	Arab	Adventurer	417	I	4	1	\Art\Adventurers\mugharrarin.png	Mugharrarin	\Art\Categories\Types\explorer.png		Explorer	 ٠ Pirate	\Art\Categories\pirate.png		Melee	\Art\Speciality\melee.png		Reconnaissance	When you take an instance of damage, you may explore 1. This amount is doubled if Islam is in your group.	The descendant of an Andalusian seafarers family from Lisbon, who are said to have never stopped wandering the world, in their quest for discoveries.	Agha	Thalamako	Morisco	\Art\Adventurers\agha.png	\Art\Adventurers\thalamako.png	\Art\Adventurers\morisco.png
Rare	German	Adventurer	16	II	2	1	\Art\Adventurers\apothecary.png	Apothecary	\Art\Categories\Types\intellectual.png		Intellectual				Non-fighting	\Art\Speciality\non fighting.png		Herbalism	When you discover a Plant, you may search for 1 Skill.	"« Put your hand down, you silly girl."" »"	Alchemist			\Art\Adventurers\alchemist.png		
Normal	German	Adventurer	37	II	1	1	\Art\Adventurers\gelehrter.png	Gelehrter	\Art\Categories\Types\intellectual.png		Intellectual				Non-fighting	\Art\Speciality\non fighting.png					Apothecary			\Art\Adventurers\apothecary.png		
Normal	Chinese	Adventurer	127	I	2	1	\Art\Adventurers\chokonu.png	Cho-ko-nu	\Art\Categories\Types\soldier.png		Soldier				Archery	\Art\Speciality\archery.png		Advanced formation	Can use Gunpowder skills as Archery skills.		Arquebusier			\Art\Adventurers\arquebusier.png		
Rare	Persian	Adventurer	466	I	2	1	\Art\Adventurers\persian villagers.png	Persian Villagers	\Art\Categories\Types\commoner.png		Commoner	 ٠ Settler	\Art\Categories\settler.png		Non-fighting	\Art\Speciality\non fighting.png		Advanced building		« The garden’s heart shall not swell under the sun nor forget its green moments. »	Ayyar			\Art\Adventurers\ayyar.png		
Rare	Iberian	Adventurer	532	I	4	2	\Art\Adventurers\senor.png	Señor	\Art\Categories\Types\noble.png		Noble			\Art\Speciality\mounted.png	Mounted, Melee	\Art\Speciality\melee.png		Requisition	Can learn as many Noble skills as you have Noble skills or adventurers in your group.	And went, as people say,  Adventuring their way.	Bandeirante			\Art\Adventurers\bandeirante.png		
Normal	Ottoman	Adventurer	337	I	3	1	\Art\Adventurers\janissary.png	Janissary	\Art\Categories\Types\soldier.png	\Art\Categories\Types\slave.png	Soldier, Slave				Gunpowder	\Art\Speciality\gunpowder.png		Advanced formation	+1 Attack per other Ottoman in group.		Basmachi	Agha		\Art\Adventurers\basmachi.png	\Art\Adventurers\agha.png	
Legendary	Arab	Adventurer	423	I	3	1	\Art\Adventurers\mujahid.png	Mujahid 	\Art\Categories\Types\outlaw.png	\Art\Categories\Types\religious.png	Outlaw, Religious				Melee, Gunpowder	\Art\Speciality\melee.png	\Art\Speciality\gunpowder.png	Fear	Furtivity.  Double its attack in Mountains.  Can use Soldier skills if you have Islam in your group.	« La ‘izza illa bil-jihad fi sabil Allah »	Basmachi			\Art\Adventurers\basmachi.png		
Rare	Balkan	Adventurer	293	II	4	2	\Art\Adventurers\hajduk.png	Hajduk	\Art\Categories\Types\outlaw.png		Outlaw	 ٠ Mercenary	\Art\Categories\mercenary.png		Gunpowder	\Art\Speciality\gunpowder.png		Ambuscade	Your adventurers have 1 additional Skill slot.	« Docekujem Sarajlije mlade  Te otimam i srebro i zlato  I lijepu cohu i kadifu »	Betyár			\Art\Adventurers\betyar.png		
Legendary	Balkan	Adventurer	8	I	4	1	\Art\Adventurers\anchorite.png	Anchorite	\Art\Categories\Types\intellectual.png		Intellectual				Unarmed	\Art\Speciality\unarmed.png		Fasting	If you have to draw 1 Intellectual skill, you may search for another one.	????? ??????? ????, ???? ?? ?????? ?????.	Blind monk			\Art\Adventurers\blind monk.png		
Rare	Slavic	Adventurer	664	I	3	2	\Art\Adventurers\wallachian rider.png	Wallachian Rider	\Art\Categories\Types\soldier.png		Soldier			\Art\Speciality\mounted.png	Archery, Mounted	\Art\Speciality\archery.png		Scout			Boyar	Stradiot		\Art\Adventurers\boyar.png	\Art\Adventurers\stradiot.png	
Legendary	Indian	Adventurer	278	I	2	1	\Art\Adventurers\gosain.png	Gosain	\Art\Categories\Types\soldier.png	\Art\Categories\Types\religious.png	Soldier, Religious				Melee	\Art\Speciality\melee.png		Pacifism			Brahmin			\Art\Adventurers\brahmin.png		
Normal	American	Adventurer	500	III	3	1	\Art\Adventurers\renegado.png	Renegado	\Art\Categories\Types\outlaw.png		Outlaw	 ٠ Mercenary	\Art\Categories\mercenary.png		Gunpowder	\Art\Speciality\gunpowder.png		Marksmanship	+1 Skill slots per other adventurer without Talent. This is not a Talent.		Buccaneer			\Art\Adventurers\buccaneer.png		
Rare	Iberian	Adventurer	407	II	2	1	\Art\Adventurers\miquelet.png	Miquelet 	\Art\Categories\Types\soldier.png		Soldier	 ٠ Mercenary	\Art\Categories\mercenary.png		Gunpowder	\Art\Speciality\gunpowder.png		Robbery		« Por tu mucha inconstancia, Yo te comparo  Con peseta que corre, De mano en mano »	Buccaneer			\Art\Adventurers\buccaneer.png		
Normal	German	Adventurer	478	I	3	1	\Art\Adventurers\pioneer.png	Pioneer	\Art\Categories\Types\commoner.png		Commoner				Gunpowder	\Art\Speciality\gunpowder.png		Colonize	Mounts provide one additional Inventory slot.	...winding up with tangling all the mules pretty well in the harness, the escape of the leaders...	Bürgermeister	Trekboers		\Art\Adventurers\bürgermeister.png	\Art\Adventurers\trekboers.png	
Normal	Mongol	Adventurer	527	I	2	3	\Art\Adventurers\scout.png	Scout	\Art\Categories\Types\soldier.png		Soldier			\Art\Speciality\mounted.png	Mounted, Archery	\Art\Speciality\archery.png		Pathfinding			Camel Explorer			\Art\Adventurers\camel explorer.png		
Normal	English	Adventurer	432	II	3	1	\Art\Adventurers\musketeer.png	Musketeer	\Art\Categories\Types\soldier.png		Soldier				Gunpowder	\Art\Speciality\gunpowder.png		Bayonet	When Musketeer defends, you may use a Melee skill from your hand.	« Klockius so deeply hath sworn ne'er more to come  In bawdy house, that he dares not go home. »	Captain			\Art\Adventurers\captain.png		
Normal	English	Adventurer	1	II	3	1	\Art\Adventurers\admiral.png	Admiral	\Art\Categories\Types\soldier.png		Soldier				Gunpowder	\Art\Speciality\gunpowder.png		Strategy	Exhaust Admiral. Admiral can 1 Soldier or Intellectual skill from your hand.	« Our destinies have been entwined, but never joined. »	Captain	Corsair		\Art\Adventurers\captain.png	\Art\Adventurers\corsair.png	
Rare	African	Adventurer	45	II	3	1	\Art\Adventurers\berber nomad.png	Berber Nomad	\Art\Categories\Types\commoner.png		Commoner				Archery	\Art\Speciality\archery.png		Pastoralism 	Building desert structures doesn’t necessitate camping.		Caravaner	Wangara		\Art\Adventurers\caravaner.png	\Art\Adventurers\wangara.png	
Normal	Latino	Adventurer	505	III	2	1	\Art\Adventurers\rotos.png	Rotos	\Art\Categories\Types\commoner.png		Commoner	 ٠ Settler	\Art\Categories\settler.png		Melee	\Art\Speciality\melee.png		Endurance	This Adventurer gets the talent (or non talent) of its attacker until it get attacked again.		Chinaco	Morochuco		\Art\Adventurers\chinaco.png	\Art\Adventurers\morochuco.png	
Normal	American	Adventurer	309	III	4	3	\Art\Adventurers\highwayman.png	Highwayman	\Art\Categories\Types\outlaw.png	\Art\Categories\Types\explorer.png	Outlaw, Explorer				Gunpowder	\Art\Speciality\gunpowder.png		Pillaging	When someone else uses a Noble or Intellectual skill, they must pay 1 Gold.		Chinaco			\Art\Adventurers\chinaco.png		
Normal	Chinese	Adventurer	126	I	2	1	\Art\Adventurers\chinese villagers.png	Chinese Villagers	\Art\Categories\Types\commoner.png		Commoner	 ٠ Settler	\Art\Categories\settler.png		Non-fighting	\Art\Speciality\non fighting.png		Cultivate	When you add this adventurer to your group, you can search for any adventurer from your map and add it to your group.	« I remember... years ago… he was standing in front of a blue gate. »	Cho-ko-nu	Treasurer		\Art\Adventurers\chokonu.png	\Art\Adventurers\treasurer.png	
Rare	Slavic	Adventurer	485	II	2	1	\Art\Adventurers\preceptor.png	Preceptor	\Art\Categories\Types\intellectual.png		Intellectual				Non-fighting	\Art\Speciality\non fighting.png		Colonial education	You may exhaust Preceptor, providing 1 free Knowledge during the turn.	Incsou & Crapivy	Chronicler	Priest		\Art\Adventurers\chronicler.png	\Art\Adventurers\priest.png	
Normal	African	Adventurer	1	II	4	1	\Art\Adventurers\african slaves.png	African Slaves	\Art\Categories\Types\slave.png		Slave				Unarmed	\Art\Speciality\unarmed.png		Vodou	When African Slaves is targeted, you may search for a Cimarron.		Cimarron	Quilombola		\Art\Adventurers\cimarron.png	\Art\Adventurers\quilombola.png	
Normal	Ottoman	Adventurer	301	I	2	1	\Art\Adventurers\odalisque.png	Odalisque	\Art\Categories\Types\slave.png		Slave				Non-fighting	\Art\Speciality\non fighting.png		Harem	+1 Life to other Slaves of your group.  Female Slaves get double this amount of there is an Ottoman Noble in your group.	« That’s the task I’m hoping for, because once I can read I’ll be able to write you letters, Mamma. Does that not sound perfect? »	Concubine			\Art\Adventurers\concubine.png		
Rare	Chinese	Adventurer	695	II	3	1	\Art\Adventurers\xiangu.png	Xiangu	\Art\Categories\Types\soldier.png		Soldier				Gunpowder	\Art\Speciality\gunpowder.png		Artisanship	If no Gunpowder skill are available, Xiangu can use Archer skills	« She would come and go,  Ascending and descending. »	Congai	Piratebane		\Art\Adventurers\congai.png	\Art\Adventurers\piratebane.png	
Normal	Iberian	Adventurer	501	I	3	1	\Art\Adventurers\rodelero.png	Rodelero	\Art\Categories\Types\soldier.png		Soldier				Melee	\Art\Speciality\melee.png		Archaic combat	+1 Attack for each Adventurer without Talent. This Talent is not a Talent.	The perfect soldier to conquer a new world.	Conquistador			\Art\Adventurers\conquistador.png		
Rare	Iberian	Adventurer	3	I	3	2	\Art\Adventurers\almogavar.png	Almogavar	\Art\Categories\Types\outlaw.png	\Art\Categories\Types\soldier.png	Outlaw, Soldier	 ٠ Mercenary	\Art\Categories\mercenary.png		Melee	\Art\Speciality\melee.png		Evasion	When you attack with Almogovar, the opponent may spend 1 Gold. If he does so, Almogovar attacks your group instead.	« Desperta ferro! »	Conquistador	Saqueador		\Art\Adventurers\conquistador.png	\Art\Adventurers\saqueador.png	
Normal	French	Adventurer	225	II	3	1	\Art\Adventurers\flibustier.png	Flibustier	\Art\Categories\Types\outlaw.png		Outlaw	 ٠ Pirate	\Art\Categories\pirate.png		Gunpowder, Melee	\Art\Speciality\gunpowder.png	\Art\Speciality\melee.png	Piracy	+2 attack against Spanish.	His tongue was like a windmill ; once set in motion, you never knew when he would stop.	Corsair			\Art\Adventurers\corsair.png		
Normal	French	Adventurer	662	I	3	2	\Art\Adventurers\voyageur.png	Voyageur	\Art\Categories\Types\explorer.png		Explorer				Gunpowder, Melee	\Art\Speciality\gunpowder.png	\Art\Speciality\melee.png	Fast exploration	When you Explore, heals X where X is the number of cards discovered.	« Their Latinate voluptuousness combines with their Gallic laziness. »	Coureur des bois			\Art\Adventurers\coureur des bois.png		
Rare	Slavic	Adventurer	0	I	2	1	\Art\Adventurers\concubine.png	Concubine	\Art\Categories\Types\commoner.png		Commoner				Non-fighting	\Art\Speciality\non fighting.png		Persuasion	You can attach Gold to Concubine.  Attached Gold can’t be lost from external affect.	« Me, Priest’s daughter from Bohuslav  I have turned Turkish and infidel  For the sake of Turkish luxury  And because of miserable greed! »	Courtisane			\Art\Adventurers\courtisane.png		
Normal	Nanyang	Adventurer	0	I	1	1	\Art\Adventurers\girl of joy.png	Girl of joy	\Art\Categories\Types\commoner.png	\Art\Categories\Types\slave.png	Commoner, Slave				Non-fighting	\Art\Speciality\non fighting.png		Prostitution	When you attack with Girl of joy, enemy pays 1 Gold.	« Is it tucked? What the fuck is this? »	Courtisane			\Art\Adventurers\courtisane.png		
Rare	Latino	Adventurer	43	III	3	2	\Art\Adventurers\gaucho.png	Gaucho	\Art\Categories\Types\commoner.png	\Art\Categories\Types\explorer.png	Commoner, Explorer			\Art\Speciality\mounted.png	Gunpowder, Mounted	\Art\Speciality\gunpowder.png		Bivouac			Cow-boy	Chinaco		\Art\Adventurers\cowboy.png	\Art\Adventurers\chinaco.png	
Normal	Slavic	Adventurer	316	I	3	2	\Art\Adventurers\hussard.png	Hussar	\Art\Categories\Types\soldier.png		Soldier			\Art\Speciality\mounted.png	Melee, Mounted	\Art\Speciality\melee.png		Verbounko	Gains the additional Germanic culture in Age 2 and the Latin culture in Age 3.	« Any hussar who is not dead by the age of thirty is a blackguard. »	Cuirassier			\Art\Adventurers\cuirassier.png		
Normal	African	Adventurer	1	I	3	1	\Art\Adventurers\african villagers.png	African Villagers	\Art\Categories\Types\commoner.png		Commoner	 ٠ Settler	\Art\Categories\settler.png		Unarmed	\Art\Speciality\unarmed.png		Cooking	Comes with Paganism.	Of a heterogeneous composition comes a homogeneous material.	Dahomey	Ògún Warrior		\Art\Adventurers\dahomey.png	\Art\Adventurers\ogun warrior.png	
Legendary	Unknown	Adventurer	301	I	2	1	\Art\Adventurers\hierodule.png	Hierodule	\Art\Categories\Types\religious.png	\Art\Categories\Types\slave.png	Religious, Slave				Non-fighting	\Art\Speciality\non fighting.png		Auspiciousness	When Hierodule defends, you may use a Slave or Religious skill.	« Et monter lentement, dans un immense amour, De la prison terrestre à la beauté du jour »	Devadâsî			\Art\Adventurers\devadasi.png		
Normal	Italian	Adventurer	38	II	2	1	\Art\Adventurers\plague doctor.png	Plague Doctor	\Art\Categories\Types\religious.png		Religious				Melee	\Art\Speciality\melee.png					Doctor			\Art\Adventurers\doctor.png		
Legendary	English	Adventurer	242	I	4	1	\Art\Adventurers\galloglach.png	Gallóglach	\Art\Categories\Types\soldier.png		Soldier	 ٠ Mercenary	\Art\Categories\mercenary.png		Melee	\Art\Speciality\melee.png		Highland charge	Get the additional Scandinavian culture in coastal regions.	Unstoppable descendants of Vikings and Gaels from the northern islands of Britannia.	Doppelsoldner			\Art\Adventurers\doppelsoldner.png		
Rare	English	Adventurer	87	I	3	1	\Art\Adventurers\bregaund.png	Bregaund	\Art\Categories\Types\outlaw.png		Outlaw				Archery, Unarmed	\Art\Speciality\archery.png	\Art\Speciality\unarmed.png		All attached skills on this adventurer are considered Signature skills.	« Briganderie is a relative condition. »	Draftee	Highlander		\Art\Adventurers\draftee.png	\Art\Adventurers\highlander.png	
Normal	French	Adventurer	324	II	3	2	\Art\Adventurers\interprete.png	Interprète	\Art\Categories\Types\commoner.png		Commoner				Non-fighting	\Art\Speciality\non fighting.png		Bonne entente	Comes with Linguistics.  Savages have -1 attack.	« Fier d’avoir vécu et souffert dans d’autres que moi-même. »	Dragoman			\Art\Adventurers\dragoman.png		
Rare	Balkan	Adventurer	40	II	5	2	\Art\Adventurers\bosniaken.png	Bosniaken	\Art\Categories\Types\soldier.png		Soldier	 ٠ Mercenary	\Art\Categories\mercenary.png	\Art\Speciality\mounted.png	Melee, Mounted	\Art\Speciality\melee.png			+1 Cultural Range		Dragoman			\Art\Adventurers\dragoman.png		
Normal	Arab	Adventurer	316	I	1	1	\Art\Adventurers\imam.png	Imam	\Art\Categories\Types\religious.png		Religious				Non-fighting	\Art\Speciality\non fighting.png		Pilgrimage	Comes with Islam.		Emir			\Art\Adventurers\emir.png		
Normal	Ottoman	Adventurer	351	I	2	1	\Art\Adventurers\Yoruks.png	Yörüks	\Art\Categories\Types\commoner.png	\Art\Categories\Types\intellectual.png	Commoner, Intellectual	 ٠ Settler	\Art\Categories\settler.png		Non-fighting	\Art\Speciality\non fighting.png		Artisanship	Your Jewels are worth double their value in Gold.		Engineer			\Art\Adventurers\engineer.png		
Normal	Ottoman	Adventurer	201	I	4	1	\Art\Adventurers\excavator.png	Excavator	\Art\Categories\Types\commoner.png		Commoner				Unarmed	\Art\Speciality\unarmed.png		Excavation	You can directly access to level 2 of landmarks.	« They might relate to some kind of ritual, but we need to dig deeper to get a better understanding. »	Engineer			\Art\Adventurers\engineer.png		
Rare	Dutch	Adventurer	40	II	3	1	\Art\Adventurers\Handelaren.png	Handelaren	\Art\Categories\Types\commoner.png		Commoner				Non-fighting	\Art\Speciality\non fighting.png		Advanced trade	Commoners cost Gems instead of Food.		Envoy			\Art\Adventurers\envoy.png		
Rare	Balkan	Adventurer	282	I	2	1	\Art\Adventurers\gypsy.png	Gypsy	\Art\Categories\Types\commoner.png		Commoner				Unarmed	\Art\Speciality\unarmed.png		Cartomancy	+2 Inventory slots.  Comes with Hinduism, Islam or Christianity.  When you Refresh Gypsy, you may Observe 1.	« Káy me yákh som, Ac tu ángár,  Káy me brishind som, Ac tu pâni! »	Escultora	Menestrel		\Art\Adventurers\escultora.png	\Art\Adventurers\menestrel.png	
Rare	French	Adventurer	161	II	2	1	\Art\Adventurers\courtisane.png	Courtisane	\Art\Categories\Types\commoner.png		Commoner				Non-fighting	\Art\Speciality\non fighting.png		Prostitution	Gain 1 gold whenever you or the other player(s) discover a Noble adventurer.	« Bois, bois du vin et ne t’abandonne jamais au chagrin de ce monde. Ceux qui y viendront après toi n’en deviendront que trop tôt la proie. »	Escultora			\Art\Adventurers\escultora.png		
Normal	Italian	Adventurer	114	I	1	1	\Art\Adventurers\cartographer.png	Cartographer	\Art\Categories\Types\explorer.png	\Art\Categories\Types\intellectual.png	Explorer				Non-fighting	\Art\Speciality\non fighting.png		Cartography	+1 Region size per discovered Region.	« The afterglow touches the far traveler's hair,  He shed the worries carried in his hands. »	Explorator			\Art\Adventurers\explorator.png		
Normal	French, American	Adventurer	160	I	4	2	\Art\Adventurers\coureur des bois.png	Coureur des bois	\Art\Categories\Types\commoner.png		Commoner				Gunpowder	\Art\Speciality\gunpowder.png		Trappe	You can add Animals in your hand.  Animals in your hand don’t count for the hand limit.	« Au coin de l'âtre ou je tisonne  En rêvant à je ne sais quoi,  Petit grillon, chante avec moi,  Qui, déjà vieux, toujours chansonne »	Flibustier	Interprète	Explorator	\Art\Adventurers\flibustier.png	\Art\Adventurers\interprete.png	\Art\Adventurers\explorator.png
Normal	English	Adventurer	396	II	3	1	\Art\Adventurers\miner.png	Miner	\Art\Categories\Types\commoner.png		Commoner				Melee	\Art\Speciality\melee.png		Mining	You can use Gunpowder skills to build structures instead.		Fossicker			\Art\Adventurers\fossicker.png		
Rare	American	Adventurer	41	III	4	2	\Art\Adventurers\cowboy.png	Cowboy	\Art\Categories\Types\commoner.png	\Art\Categories\Types\outlaw.png	Commoner, Outlaw			\Art\Speciality\mounted.png	Gunpowder, Mounted	\Art\Speciality\gunpowder.png		Machismo		« Lichen, mistletoe, aloft  In the dying croft,  Leaf the winter trees. »	Frontiersman	Renegado		\Art\Adventurers\frontiersman.png	\Art\Adventurers\renegado.png	
Legendary	Scandinavian	Adventurer	206	I	7	1	\Art\Adventurers\exile.png	Exile	\Art\Categories\Types\outlaw.png	\Art\Categories\Types\noble.png	Outlaw, Noble				Melee, Unarmed	\Art\Speciality\melee.png	\Art\Speciality\unarmed.png	Saga	You may discard Exile. When you do so, inflict 5+X damage to the enemy, where X is the number of Scandinavians in your group.	« Yirð mina elsku hreina og heita, sem himni er meira skyld en grund og heim til himins. »	Gallóglach			\Art\Adventurers\galloglach.png		
Normal	Latino	Adventurer	416	III	2	2	\Art\Adventurers\morochuco.png	Morochuco	\Art\Categories\Types\commoner.png		Commoner				Gunpowder	\Art\Speciality\gunpowder.png		Herd 			Gaucho			\Art\Adventurers\gaucho.png		
Normal	German	Adventurer	520	I	2	1	\Art\Adventurers\schiffskinder.png	Schiffskinder	\Art\Categories\Types\commoner.png		Commoner				Melee	\Art\Speciality\melee.png		Navigation	Adds +1 Logistic for each adventurer with the same Signature skill.	« Einsam auf blauer Wasserwüste ein Segelweißes Schiff sich wiegt. »	Gelehrter			\Art\Adventurers\gelehrter.png		
Rare	Scandinavian	Adventurer	678	I	2	1	\Art\Adventurers\white slaves.png	White Slaves	\Art\Categories\Types\slave.png		Slave				Unarmed	\Art\Speciality\unarmed.png		Servitude		The palaces of Algiers are full of exotic splendors from the remotest places of the world.	Ghulam	Odalisque		\Art\Adventurers\ghulam.png	\Art\Adventurers\odalisque.png	
Rare	African	Adventurer	679	I	2	1	\Art\Adventurers\witch doctor.png	Witch Doctor	\Art\Categories\Types\religious.png		Religious				Unarmed	\Art\Speciality\unarmed.png		Herbalism	You can attach up to 2 Passive Skills on Quests.  Witch Doctor can’t learn Passive Skills.	« Let no joyful voice be heard!  Let no man look up at the sky with hope.  And let this day be cursed  by we who ready to wake...” »	Girl of Joy			\Art\Adventurers\girl of joy.png		
Rare	Indian	Adventurer	501	II	2	1	\Art\Adventurers\roma slaves.png	Roma Slaves	\Art\Categories\Types\slave.png		Slave	 ٠ Settler	\Art\Categories\settler.png		Unarmed	\Art\Speciality\unarmed.png		Festival	Roma Slaves can have Echo for Commoner and Slave skills.		Gypsy	Kobzar		\Art\Adventurers\gypsy.png	\Art\Adventurers\kobzar.png	
Legendary	Nanyang	Adventurer	152	III	1	1	\Art\Adventurers\congai.png	Congaï	\Art\Categories\Types\commoner.png		Commoner				Non-fighting	\Art\Speciality\non fighting.png		Weaving	When you hire this adventurer, you can search for another Nanyang adventurer.	« Khiem frémissait, cinglée par chaque mot, mais elle ne pleurait plus, orgueilleuse, et recevait les insultes, le buste dressé, comme méprisante. »	Haidao	Inong Balee		\Art\Adventurers\haidao.png	\Art\Adventurers\inong balee.png	
Rare	Balkan	Adventurer	619	II	4	1	\Art\Adventurers\uskok.png	Uskok	\Art\Categories\Types\outlaw.png	\Art\Categories\Types\soldier.png	Outlaw, Soldier	 ٠ Pirate	\Art\Categories\pirate.png		Gunpowder	\Art\Speciality\gunpowder.png		Steal resource	Your Group Class is Errant Company while you are in Mountains.	« Stojan reprit le chemin de Kotari, Emmenant avec lui la fille turque ;  Il la fit baptiser, et l’épousa, L’aima fidèlement, et la rendit heureuse. »	Hajduk			\Art\Adventurers\hajduk.png		
Rare	Arctic, Scandinavian	Adventurer	512	I	4	1	\Art\Adventurers\saami.png	Saami	\Art\Categories\Types\commoner.png		Commoner				Melee	\Art\Speciality\melee.png		Hymn	You can attach Animals on Saami. Animals attached this way can be used as Gold, Knowledge, or spent to search for Commoner skills.  +1 attack per Animals attached.		Hakkapeliitta	Noaidi		\Art\Adventurers\hakkapeliitta.png	\Art\Adventurers\noaidi.png	
Rare	Balkan	Adventurer	279	I	1	1	\Art\Adventurers\greek refugee.png	Greek Refugee	\Art\Categories\Types\commoner.png		Commoner				Non-fighting	\Art\Speciality\non fighting.png		Cooking	When you reach 8 Knowledge, search for 1 Legendary adventurer and replace it with Greek refugee, keeping all skills and items attached.	“Like the sweet apple which reddens upon the topmost bough,  Like the wild hyacinth flower which on the hills is found... »	Hierodule	Narentin		\Art\Adventurers\hierodule.png	\Art\Adventurers\narentin.png	
Rare	African, American	Adventurer	146	II	4	2	\Art\Adventurers\cimarron.png	Cimarron	\Art\Categories\Types\slave.png	\Art\Categories\Types\outlaw.png	Slave, Outlaw				Melee, Unarmed	\Art\Speciality\melee.png	\Art\Speciality\unarmed.png	Lead	When Cimarron attacks, you can remove the Slave type of 1 Adventurer from any player and grant him the Outlaw type.	« Et, debout sur ces monts qu'il prenait à témoins,  Souvent il s'écriait : je suis libre du moins ! »	Highwayman	Pirate Lord		\Art\Adventurers\highwayman.png	\Art\Adventurers\pirate lord.png	
Legendary	French	Adventurer	463	I	7	1	\Art\Adventurers\paladin.png	Paladin	\Art\Categories\Types\noble.png	\Art\Categories\Types\soldier.png	Noble, Soldier				Melee	\Art\Speciality\melee.png		Accolade	Comes with Holy Quest.  +2 Speed if you have Christianity.	« Un homme sans son frère est un dos sans défense. »	Hospitalier			\Art\Adventurers\hospitalier.png		
Legendary	French	Adventurer	41	I	2	2	\Art\Adventurers\goliard.png	Goliard	\Art\Categories\Types\religious.png		Religious				Non-fighting	\Art\Speciality\non fighting.png		Poetry		« Oh, totus floreo, iam amore virginali, totus ardeo, novus, novus amor est, quo pereo. »	Huguenot	Papar		\Art\Adventurers\huguenot.png	\Art\Adventurers\papar.png	
Normal	Iberian	Adventurer	493	I	2	1	\Art\Adventurers\priest.png	Priest	\Art\Categories\Types\religious.png		Religious				Non-fighting	\Art\Speciality\non fighting.png		Pray	When Priest uses a Religious skill, Heal 1.		Huguenot	Inquisitor		\Art\Adventurers\huguenot.png	\Art\Adventurers\inquisitor.png	
Rare	Ottoman	Adventurer	40	II	5	3	\Art\Adventurers\bashkir.png	Bashkir	\Art\Categories\Types\soldier.png		Soldier	 ٠ Mercenary	\Art\Categories\mercenary.png		All Specialties	\Art\Speciality\archery.png			While in attack, gain the Outlaw type.  +1 Attack against Slavic adventurers.	« Шуға күрә шишмәнең Аты була атаҡлы,  Даны китә артылып Тауҙың үренә саҡлы. »	Hussard			\Art\Adventurers\hussard.png		
Normal	German	Adventurer	613	II	2	3	\Art\Adventurers\uhlan.png	Uhlan	\Art\Categories\Types\soldier.png		Soldier			\Art\Speciality\mounted.png	Mounted, Melee	\Art\Speciality\melee.png		Advanced formation	Harass (add a Hit card each time you consecutively attack with this adventurer this turn).		Inhaber			\Art\Adventurers\inhaber.png		
Normal	Iberian	Adventurer	411	I	3	2	\Art\Adventurers\missionary.png	Missionary	\Art\Categories\Types\religious.png		Religious				Non-fighting	\Art\Speciality\non fighting.png		Preach	Comes with Christianity.		Inquistor			\Art\Adventurers\inquistor.png		
Normal	French	Adventurer	181	III	2	1	\Art\Adventurers\echevin.png	Echevin	\Art\Categories\Types\intellectual.png	\Art\Categories\Types\commoner.png	Intellectual, Commoner				Unarmed, Gunpowder	\Art\Speciality\unarmed.png	\Art\Speciality\gunpowder.png	Ledger keeping	Any Intellectual skills attached to any Commoner adventurers is considered a Signature skill.	« Il n’y a jamais de commencements. Les jours s’ajoutent aux jours sans rime ni raison, c’est une addition interminable et monotone. »	Inventor			\Art\Adventurers\inventor.png		
Normal	Ottoman	Adventurer	0	I	4	1	\Art\Adventurers\azap.png	Azap	\Art\Categories\Types\soldier.png		Soldier				Melee, Archery	\Art\Speciality\melee.png	\Art\Speciality\archery.png	Archaic combat	+1 Speed per adventurer with Archaic combat to your adventurers with Archaic combat.		Janissary			\Art\Adventurers\janissary.png		
Legendary	Scandinavian	Adventurer	552	I	4	1	\Art\Adventurers\Skogarmaor.png	Skogarmaor	\Art\Categories\Types\outlaw.png		Outlaw				Melee	\Art\Speciality\melee.png		Hunt, Polearm mastery	While in a forest, +1 Attack per other Outlaw in your group. You can discard Animals as bonus damage.	Fate is a choice that never leads to regret.	Jordägare	Polyanitsa		\Art\Adventurers\jordagare.png	\Art\Adventurers\polyanitsa.png	
Normal	Scandinavian	Adventurer	241	III	2	1	\Art\Adventurers\fusilier.png	Fusilier	\Art\Categories\Types\soldier.png		Soldier				Gunpowder	\Art\Speciality\gunpowder.png		Bayonet			Karoliner			\Art\Adventurers\karoliner.png		
Legendary	Unknown	Adventurer	592	I	4	1	\Art\Adventurers\tocharian.png	Tocharian	\Art\Categories\Types\explorer.png	\Art\Categories\Types\intellectual.png	Explorer, Intellectual				Melee	\Art\Speciality\melee.png		Pilgrimage	You can’t attack, but when you use an Intellectual or an Explorer skill, your opponent takes X+1 damage, where X is the number of Artifacts attached to Tocharian.	A lone wanderer carrying the legacy of a bygone civilization.	Kitezhian	Kazara		\Art\Adventurers\kitezhian.png	\Art\Adventurers\kazara.png	
Rare	Slavic	Adventurer	43	II	3	2	\Art\Adventurers\szlachcic.png	Szlachcic	\Art\Categories\Types\noble.png		Noble				Melee, Gunpowder	\Art\Speciality\gunpowder.png	\Art\Speciality\melee.png		Settlers have -1 Life but Region has +1 Food for for each Settler on it.		Kitezhian			\Art\Adventurers\kitezhian.png		
Normal	Dutch	Adventurer	608	II	2	2	\Art\Adventurers\trekboers.png	Trekboers	\Art\Categories\Types\commoner.png		Commoner	 ٠ Settler	\Art\Categories\settler.png		Gunpowder	\Art\Speciality\gunpowder.png		Pastoralism 	Comes with Covered wagon.	I see vacant immensities  beyond boundaries.  It waits.	Kommando	Miner		\Art\Adventurers\kommando.png	\Art\Adventurers\miner.png	
Normal	Nanyang	Adventurer	558	II	3	1	\Art\Adventurers\smith.png	Smith	\Art\Categories\Types\commoner.png		Commoner				Melee	\Art\Speciality\melee.png		Weaponry	Melee adventurers of your group have +1 attack.	Grand-grandson of a boatman, he named his daughter after the pier where his mother was born.	Laksamana			\Art\Adventurers\laksamana.png		
Normal	German	Adventurer	176	I	5	1	\Art\Adventurers\doppelsoldner.png	Doppelsoldner	\Art\Categories\Types\soldier.png		Soldier	 ٠ Mercenary	\Art\Categories\mercenary.png		Melee	\Art\Speciality\melee.png		Swordsmanship			Landsknecht			\Art\Adventurers\landsknecht.png		
Normal	Amerindian	Adventurer	453	I	5	1	\Art\Adventurers\Nootka.png	Nootka	\Art\Categories\Types\outlaw.png		Outlaw				Melee	\Art\Speciality\melee.png		Furtivity			Loremaster			\Art\Adventurers\loremaster.png		
Normal	Arctic	Adventurer	325	II	4	1	\Art\Adventurers\inuit.png	Inuit	\Art\Categories\Types\commoner.png		Commoner				Archery	\Art\Speciality\archery.png		Tame	Effects that triggers or are affected by the Night get affected by the Day instead.	« But virtue, that silently toils or expires  No wreath for the brow to entwine  That asks but a smile, but a fond sigh requires »	Loremaster			\Art\Adventurers\loremaster.png		
Rare	African	Adventurer	235	I	3	1	\Art\Adventurers\fula archer.png	Fula Archer	\Art\Categories\Types\soldier.png		Soldier				Archery	\Art\Speciality\archery.png		Gather resource			Maigadi			\Art\Adventurers\maigadi.png		
Rare	Amerindian	Adventurer	667	II	3	2	\Art\Adventurers\wanderer.png	Wanderer	\Art\Categories\Types\outlaw.png	\Art\Categories\Types\explorer.png	Outlaw, Explorer				Gunpowder	\Art\Speciality\gunpowder.png		Nomadism			Mambi			\Art\Adventurers\mambi.png		
Normal	Arab	Adventurer	515	I	3	1	\Art\Adventurers\sariq.png	Sariq	\Art\Categories\Types\outlaw.png		Outlaw				Melee	\Art\Speciality\melee.png		Pillaging	This adventurer may use Outlaw skills from your hand.		Mameluk			\Art\Adventurers\mameluk.png		
Normal	Iberian	Adventurer	153	I	4	1	\Art\Adventurers\conquistador.png	Conquistador	\Art\Categories\Types\explorer.png	\Art\Categories\Types\soldier.png	Explorer, Soldier				Melee	\Art\Speciality\melee.png		Conquest	Can only target Natives.  +2 attack against Native.  When Conquistador dies, discard 1 Knowledge	In the dream  there is a sun  that never sets.	Missionary	Machetero		\Art\Adventurers\missionary.png	\Art\Adventurers\machetero.png	
Rare	Iberian	Adventurer	40	II	4	1	\Art\Adventurers\morisco.png	Morisco 	\Art\Categories\Types\religious.png	\Art\Categories\Types\commoner.png	Religious, Commoner				Non-fighting	\Art\Speciality\non fighting.png		Fluidity			Missionary			\Art\Adventurers\missionary.png		
Rare	Italian	Adventurer	529	I	1	1	\Art\Adventurers\sediario.png	Sediario	\Art\Categories\Types\commoner.png	\Art\Categories\Types\religious.png	Commoner, Religious				Non-fighting	\Art\Speciality\non fighting.png		Propitiation	You may attach this adventurer to a Religious adventurer as a Mount, doubling his skill and item slots.	« E fatica! fatica! Il sediario dovrebbe spazzare la chiesa, lavare i vetri, spolverare tutto, e si scarica su Pasquale mio. »	Missionary			\Art\Adventurers\missionary.png		
Normal	Unknown	Adventurer	351	II	2	1	\Art\Adventurers\kazakh villagers.png	Kazakh Herders	\Art\Categories\Types\commoner.png		Commoner	 ٠ Settler	\Art\Categories\settler.png		Archery	\Art\Speciality\archery.png		Pastoralism 	While in a plain, halves all incoming damage.	« jilki – jelden, siyir – sudan, tuye – shölden, eshki – tastan, koy – peyishten jaralgan »	Mongol Villagers			\Art\Adventurers\mongol villagers.png		
Rare	Indian	Adventurer	541	II	5	1	\Art\Adventurers\sherpa.png	Sherpa	\Art\Categories\Types\commoner.png		Commoner				Melee	\Art\Speciality\melee.png		Hardiness	+3 Inventory slot while in Mountains.		Mongrel	Siberian Explorer		\Art\Adventurers\mongrel.png	\Art\Adventurers\siberian explorer.png	
Rare	Japanese	Adventurer	450	I	3	2	\Art\Adventurers\ninja.png	Ninja	\Art\Categories\Types\soldier.png		Soldier	 ٠ Mercenary	\Art\Categories\mercenary.png		Melee	\Art\Speciality\melee.png		Assassination	Active talents of your group can be used twice at Night.	Androgynous, dissenting, iconoclastic, feminine and at the same time very powerful, graceful and brutal.	Monk			\Art\Adventurers\monk.png		
Rare	Iberian	Adventurer	570	III	3	1	\Art\Adventurers\sometent.png	Sometent	\Art\Categories\Types\commoner.png		Commoner				Unarmed, Gunpowder	\Art\Speciality\unarmed.png	\Art\Speciality\gunpowder.png	Pastoralism 	While in Mountains, you get +1 hand limit for each Unarmed adventurer on the board.	« Eho! »	Mousquetaire			\Art\Adventurers\mousquetaire.png		
Rare	Indian	Adventurer	493	I	2	1	\Art\Adventurers\prince.png	Prince	\Art\Categories\Types\noble.png		Noble				Melee	\Art\Speciality\melee.png		Ambition	Prince is passively exhausted. When you gain Gold, you may refresh Prince for the rest of your turn.	Thank you?	Mughal			\Art\Adventurers\mughal.png		
Normal	Arab	Adventurer	18	I	2	1	\Art\Adventurers\arabian villagers.png	Arabian Villagers	\Art\Categories\Types\commoner.png		Commoner	 ٠ Settler	\Art\Categories\settler.png		Melee, Unarmed	\Art\Speciality\melee.png	\Art\Speciality\unarmed.png	Advanced trade	Arabian villagers can learn Soldier skills if you have the Islam religion.		Mujahid	Fellah	Janissary	\Art\Adventurers\mujahid.png	\Art\Adventurers\fellah.png	\Art\Adventurers\janissary.png
Normal	Arab	Adventurer	44	II	3	2	\Art\Adventurers\bedouin.png	Bedouin	\Art\Categories\Types\soldier.png	\Art\Categories\Types\commoner.png	Soldier, Commoner			\Art\Speciality\mounted.png	Archery, Mounted	\Art\Speciality\archery.png		Nomadism	+2 speed in Deserts. If you have Islam, Bedouin gains the Arab culture.  If you have an Ottoman, Bedouin gains the Ottoman culture.	« nasnfisten ya kleb 'afnen mahabbeh  l-ajen suwari saghen bil 'igabi »	Mujahid 			\Art\Adventurers\mujahid.png		
Rare	Slavic	Adventurer	380	III	2	1	\Art\Adventurers\kobzar.png	Kobzar	\Art\Categories\Types\commoner.png		Commoner				Non-fighting	\Art\Speciality\non fighting.png		Epopee 	Comes with 1 Musical skill.	« У регіоні майже немає рівної землі, тому дерева навчилися рости де завгодно. Деякі навіть навчились рости в небі. »	Musician			\Art\Adventurers\musician.png		
Normal	English	Adventurer	223	II	2	1	\Art\Adventurers\flag bearer.png	Flag Bearer	\Art\Categories\Types\soldier.png		Soldier				Non-fighting	\Art\Speciality\non fighting.png		Flag	When exhausted, is considered a Structure. Items and Passives attached are still in effect.	« Meddling brat! Your hand is in everybody’s pie! »	Musketeer			\Art\Adventurers\musketeer.png		
Normal	Italian	Adventurer	211	I	4	2	\Art\Adventurers\explorator.png	Explorator	\Art\Categories\Types\explorer.png		Explorer				Gunpowder	\Art\Speciality\gunpowder.png		Deep exploration	Exhaust Explorator. Explore X, where X is the number of Exploration cards in your group.	« You have to go away for a long time... many years... before you can come back and find your people. »	Navigator			\Art\Adventurers\navigator.png		
Rare	German	Adventurer	579	II	2	1	\Art\Adventurers\stadhouder.png	Stadhouder	\Art\Categories\Types\explorer.png	\Art\Categories\Types\intellectual.png	Explorer, Intellectual				Gunpowder	\Art\Speciality\gunpowder.png		Administration		« Da oben? Ach so... da oben. Wunderschön war es da oben. Nur sehr weit weg von zu Hause. »	Nibelungen			\Art\Adventurers\nibelungen.png		
Normal	Japanese	Adventurer	685	I	3	2	\Art\Adventurers\wokou.png	Wokou	\Art\Categories\Types\outlaw.png		Outlaw	 ٠ Pirate	\Art\Categories\pirate.png	\Art\Speciality\mounted.png	Mounted, Archery	\Art\Speciality\archery.png		Razzia	Your Outlaw skills also count as Gold, and can be spent as Gold.	« “Will fool their eyes, With friendly guise  Hollow their chests, So fear could nest »	Ninja			\Art\Adventurers\ninja.png		
Rare	Japanese	Adventurer	168	II	5	2	\Art\Adventurers\shinobi.png	Shinobi	\Art\Categories\Types\commoner.png	\Art\Categories\Types\outlaw.png	Commoner, Outlaw				Melee	\Art\Speciality\melee.png		Trickery			Ninja			\Art\Adventurers\ninja.png		
Rare	Indian	Adventurer	170	I	2	1	\Art\Adventurers\devadasi.png	Devadâsî	\Art\Categories\Types\slave.png	\Art\Categories\Types\religious.png	Slave, Religious				Unarmed	\Art\Speciality\unarmed.png		Angabhoga	Has the additional Intellectual type.	« Decorate the whole city with strings of pearls. Maintain the multicoloured canopy and wave the fly-whisk. »	Odalisque	Hierodule		\Art\Adventurers\odalisque.png	\Art\Adventurers\hierodule.png	
Rare	Arab	Adventurer	245	I	2	1	\Art\Adventurers\gaziya.png	Gaziya	\Art\Categories\Types\commoner.png		Commoner				Non-fighting	\Art\Speciality\non fighting.png		Festival	You can refresh an exhausted Skill instead of paying Gold.	« Their dancing has little of elegance ; its chief peculiarity being a very rapid vibrating motion of the hips, from side to side. »	Odalisque	Gypsy	Piratebane	\Art\Adventurers\odalisque.png	\Art\Adventurers\gypsy.png	\Art\Adventurers\piratebane.png
Rare	Slavic	Adventurer	0	I	2	1	\Art\Adventurers\conspirator.png	Conspirator	\Art\Categories\Types\religious.png	\Art\Categories\Types\outlaw.png	Religious, Outlaw				Melee	\Art\Speciality\melee.png		Assassination	Can use Noble skills from the enemy.  +1 Critical at night.	« In times of troubles, one can’t know who is who. »	Oprichnik			\Art\Adventurers\oprichnik.png		
Normal	Slavic	Adventurer	580	I	3	1	\Art\Adventurers\strelet.png	Strelet	\Art\Categories\Types\soldier.png		Soldier				Gunpowder, Melee	\Art\Speciality\gunpowder.png	\Art\Speciality\melee.png	Loyalty	+2 attack against Asian units.		Oprichnik			\Art\Adventurers\oprichnik.png		
Rare	French	Adventurer	311	I	7	1	\Art\Adventurers\hospitalier.png	Hospitalier	\Art\Categories\Types\soldier.png	\Art\Categories\Types\religious.png	Soldier, Religious				Melee	\Art\Speciality\melee.png		Archaic combat	Exploring a new region or building a new structure heal 1, or 2 if you have Christianity.	« Autour des colonnes roses, jaillies vers leurs larges chapiteaux, les jours actuels se pressent et bourdonnent. »	Outcast Magister			\Art\Adventurers\outcast magister.png		
Legendary	Unknown	Adventurer	659	II	4	1	\Art\Adventurers\voigna.png	Voïgna	\Art\Categories\Types\soldier.png	\Art\Categories\Types\explorer.png	Soldier, Explorer	 ٠ Pirate	\Art\Categories\pirate.png		Gunpowder	\Art\Speciality\gunpowder.png		Trappe		Haughty, contemptuous, insolent, gifted.	Owlhoot			\Art\Adventurers\owlhoot.png		
Normal	American	Adventurer	0	III	2	2	\Art\Adventurers\minuteman.png	Minuteman	\Art\Categories\Types\commoner.png	\Art\Categories\Types\soldier.png	Commoner, Soldier				Gunpowder	\Art\Speciality\gunpowder.png		Walking mastery	+1 Speed to Gunpowder adventurers.		Owlhoot	Frontiersman		\Art\Adventurers\owlhoot.png	\Art\Adventurers\frontiersman.png	
Legendary	Slavic	Adventurer	481	I	6	1	\Art\Adventurers\pole knight.png	Pole Knight	\Art\Categories\Types\soldier.png		Soldier				Melee	\Art\Speciality\melee.png		Endurance	When Pole Knight defends, Pole Knight can attack.  Can fuse with Polyanista.		Paladin			\Art\Adventurers\paladin.png		
Rare	Balkan	Adventurer	540	II	2	1	\Art\Adventurers\seressaner.png	Seressaner	\Art\Categories\Types\soldier.png	\Art\Categories\Types\commoner.png	Soldier, Commoner				Gunpowder	\Art\Speciality\gunpowder.png		Marksmanship			Pandur			\Art\Adventurers\pandur.png		
Normal	Indian	Adventurer	591	I	3	1	\Art\Adventurers\thuggee.png	Thuggee	\Art\Categories\Types\outlaw.png		Outlaw				Gunpowder	\Art\Speciality\gunpowder.png		Robbery	When Thuggee attacks, you and the defending player must pay 1 Gold.		Pardoned Convict			\Art\Adventurers\pardoned convict.png		
Normal	Arab	Adventurer	42	I	4	1	\Art\Adventurers\barbary pirate.png	Barbary Rover	\Art\Categories\Types\outlaw.png		Outlaw	 ٠ Pirate	\Art\Categories\pirate.png		Melee	\Art\Speciality\melee.png		Piracy	Can enslave any Intellectuals and Commoners.		Pasha	Navigator		\Art\Adventurers\pasha.png	\Art\Adventurers\navigator.png	
Rare	Arab	Adventurer	387	I	4	2	\Art\Adventurers\mameluk.png	Mameluke	\Art\Categories\Types\soldier.png		Soldier	 ٠ Mercenary	\Art\Categories\mercenary.png	\Art\Speciality\mounted.png	Mounted, Melee	\Art\Speciality\melee.png		Raid	Other Arabs have Echo for Soldier skills.		Pasha			\Art\Adventurers\pasha.png		
Rare	Ottoman	Adventurer	1	I	4	1	\Art\Adventurers\agha.png	Agha	\Art\Categories\Types\explorer.png	\Art\Categories\Types\noble.png	Explorer, Noble				Melee, Gunpowder	\Art\Speciality\melee.png	\Art\Speciality\gunpowder.png	Revendication	Comes with 1 Slave and 1 Intellectual adventurer.	A turk lord whose knowledge is as vast as his wealth.	Pasha			\Art\Adventurers\pasha.png		
Rare	Indian, Chinese	Adventurer	354	II	2	1	\Art\Adventurers\kazara.png	Kazara	\Art\Categories\Types\commoner.png		Commoner				Unarmed	\Art\Speciality\unarmed.png		Administration			Philosopher			\Art\Adventurers\philosopher.png		
Legendary	Chinese	Adventurer	69	I	4	1	\Art\Adventurers\blind monk.png	Blind monk	\Art\Categories\Types\outlaw.png	\Art\Categories\Types\religious.png	Outlaw, Religious				Melee, Archery	\Art\Speciality\melee.png	\Art\Speciality\archery.png	Mantra	Comes with Buddhism.		Philosopher			\Art\Adventurers\philosopher.png		
Normal	Scandinavian	Adventurer	340	II	2	1	\Art\Adventurers\jordagare.png	Jordägare	\Art\Categories\Types\commoner.png		Commoner				Gunpowder	\Art\Speciality\gunpowder.png		Colonize			Pioneer	Siberian Explorer		\Art\Adventurers\pioneer.png	\Art\Adventurers\siberian explorer.png	
Normal	Scandinavian	Adventurer	345	III	4	2	\Art\Adventurers\karoliner.png	Karoliner	\Art\Categories\Types\soldier.png		Soldier				Melee, Gunpowder	\Art\Speciality\melee.png	\Art\Speciality\gunpowder.png	Forced walk	Having the Gunpowder specialty provides +1 damage to melee skills used by these adventurers.		Pioneer			\Art\Adventurers\pioneer.png		
Normal	Indian	Adventurer	165	I	4	1	\Art\Adventurers\dacoit.png	Dacoit	\Art\Categories\Types\outlaw.png		Outlaw	 ٠ Pirate	\Art\Categories\pirate.png		Melee	\Art\Speciality\melee.png		Lead	You gain 1 Gold each time you the opponent add an Adventurer to his group.	« Ek vishesh prakaar kee dakaitee hotee hai »	Pirate Lord			\Art\Adventurers\pirate lord.png		
Legendary	Slavic	Adventurer	0	II	6	1	\Art\Adventurers\winged hussard.png	Winged Hussar	\Art\Categories\Types\soldier.png		Soldier				Melee	\Art\Speciality\melee.png		Heroism	Dismounted adventurers +2 Life and can learn any Musical skills.	« One of the most eye-skeweringly hardcore associations of asskickers ever assembled. »	Pole Knight			\Art\Adventurers\pole knight.png		
Rare	Arctic	Adventurer	29	II	3	1	\Art\Adventurers\arctic villagers.png	Arctic Villagers	\Art\Categories\Types\commoner.png		Commoner	 ٠ Settler	\Art\Categories\settler.png		Archery	\Art\Speciality\archery.png		Skin	Your group is immune to Weather damage.	« The girl had to braid sinews for holding up trousers and the boy, Kaujjarjuk, had to chop blubber to make oil for the lamps. »	Pomors	Aakuaksrak		\Art\Adventurers\pomors.png	\Art\Adventurers\aakuaksrak.png	
Legendary	African	Adventurer	40	I	2	1	\Art\Adventurers\abun.png	Abun	\Art\Categories\Types\religious.png		Religious				Non-fighting	\Art\Speciality\non fighting.png		Inspiration			Priest			\Art\Adventurers\priest.png		
Rare	Slavic	Adventurer	484	II	4	2	\Art\Adventurers\pomors.png	Pomors	\Art\Categories\Types\commoner.png		Commoner	 ٠ Settler	\Art\Categories\settler.png		Melee	\Art\Speciality\melee.png		Endurance	+1 Cultural Range	« Mossy rifts in weathered stones  Meekly vernal waters yield »	Promyshlennik	Aakuaksrak		\Art\Adventurers\promyshlennik.png	\Art\Adventurers\aakuaksrak.png	
Rare	Indian	Adventurer	698	II	3	2	\Art\Adventurers\zamburak.png	Zamburak	\Art\Categories\Types\soldier.png		Soldier				Gunpowder	\Art\Speciality\gunpowder.png		Fear			Qurchi			\Art\Adventurers\qurchi.png		
Normal	American	Adventurer	41	III	3	1	\Art\Adventurers\pistolero.png	Pistolero	\Art\Categories\Types\outlaw.png		Outlaw				Gunpowder	\Art\Speciality\gunpowder.png		Robbery, Akimbo	+1 attack per discovered Region.		Redemptioners	Renegado		\Art\Adventurers\redemptioners.png	\Art\Adventurers\renegado.png	
Normal	Latino	Adventurer	515	II	3	1	\Art\Adventurers\saqueador.png	Saqueador	\Art\Categories\Types\outlaw.png		Outlaw	 ٠ Pirate	\Art\Categories\pirate.png		Gunpowder	\Art\Speciality\gunpowder.png		Raid		Bloodthirsty and depraved, also intellectually diminished.	Renegado			\Art\Adventurers\renegado.png		
Legendary	Japanese	Adventurer	458	I	5	1	\Art\Adventurers\onna-bugeisha.png	Onna-bugeisha	\Art\Categories\Types\soldier.png	\Art\Categories\Types\noble.png	Soldier, Noble				Melee, Archery	\Art\Speciality\melee.png	\Art\Speciality\archery.png	Polearm mastery	Can’t be targeted by Gunpowder skills or Gunpowder attack. 	« If the moon indeed has drifted down from the heavens,  Surely then the sky must be a little obscure. »	Ronin			\Art\Adventurers\ronin.png		
Rare	Japanese	Adventurer	168	II	5	2	\Art\Adventurers\daimyo.png	Daimyo	\Art\Categories\Types\noble.png	\Art\Categories\Types\soldier.png	Noble, Soldier				Melee	\Art\Speciality\melee.png		Zeal	Share the effects of items attached on Daimyo to other Japanese adventurers.	You have to believe that this idea is so strong that even reality cannot contradict it.	Ronin			\Art\Adventurers\ronin.png		
Normal	Arab	Adventurer	223	II	2	2	\Art\Adventurers\fellah.png	Fellah	\Art\Categories\Types\outlaw.png	\Art\Categories\Types\commoner.png	Outlaw, Commoner				Melee	\Art\Speciality\melee.png		Excavation	Whenever the enemy adds an item to its group, you may directly attack this player.		Sariq	Saboteur		\Art\Adventurers\sariq.png	\Art\Adventurers\saboteur.png	
Normal	German	Adventurer	333	II	3	1	\Art\Adventurers\jaeger.png	Jaeger	\Art\Categories\Types\soldier.png		Soldier				Gunpowder	\Art\Speciality\gunpowder.png		Marksmanship	Can learn and use any animal-related skill.		Savolax			\Art\Adventurers\savolax.png		
Rare	Indian	Adventurer	40	II	2	1	\Art\Adventurers\bhat.png	Bhāt	\Art\Categories\Types\intellectual.png		Intellectual				Non-fighting	\Art\Speciality\non fighting.png		Genealogy	Can be attached to a Noble adventurer. The non-Indian Noble adventurer can gain the Type of any other Indian adventurer from your group.	« Every royal clan depends on a line of bhāt for its recognition. »	Scholar			\Art\Adventurers\scholar.png		
Normal	Mongol	Adventurer	411	I	2	1	\Art\Adventurers\mongol villagers.png	Mongol Villagers	\Art\Categories\Types\commoner.png		Commoner	 ٠ Settler	\Art\Categories\settler.png		Archery	\Art\Speciality\archery.png		Nomadism	+1 Speed in Plain.		Scout	Kazakh Villagers		\Art\Adventurers\scout.png	\Art\Adventurers\kazakh villagers.png	
Normal	Italian	Adventurer	583	I	5	1	\Art\Adventurers\swisspikeman.png	Swiss Pikeman	\Art\Categories\Types\soldier.png		Soldier	 ٠ Mercenary	\Art\Categories\mercenary.png		Melee	\Art\Speciality\melee.png		Protect	You can Defend with exhausted Adventurers.		Sediario	Elmetto		\Art\Adventurers\sediario.png	\Art\Adventurers\elmetto.png	
Normal	African	Adventurer	112	II	3	2	\Art\Adventurers\caravaner.png	Caravaner	\Art\Categories\Types\soldier.png		Soldier				Gunpowder	\Art\Speciality\gunpowder.png		Logistic	All your adventurers have 1 additional Inventory slot.	« La zra na bal zra ta laar shta. »	Slave hunter			\Art\Adventurers\slave hunter.png		
Normal	Indian	Adventurer	317	I	2	1	\Art\Adventurers\indian villagers.png	Indian Villagers	\Art\Categories\Types\commoner.png		Commoner	 ٠ Settler	\Art\Categories\settler.png		Non-fighting	\Art\Speciality\non fighting.png		Cultivate			Smith	Bhāt		\Art\Adventurers\smith.png	\Art\Adventurers\bhat.png	
Normal	Latino	Adventurer	141	III	3	1	\Art\Adventurers\cholos.png	Cholos	\Art\Categories\Types\commoner.png	\Art\Categories\Types\outlaw.png	Commoner, Outlaw	 ٠ Settler	\Art\Categories\settler.png		Gunpowder	\Art\Speciality\gunpowder.png		Communication skills	This unit gets the talent of its target until it attacks again.		Soldadera	Machetero		\Art\Adventurers\soldadera.png	\Art\Adventurers\machetero.png	
Rare	Balkan	Adventurer	432	I	3	1	\Art\Adventurers\narentin.png	Narentin	\Art\Categories\Types\outlaw.png		Outlaw	 ٠ Pirate	\Art\Categories\pirate.png		Gunpowder	\Art\Speciality\gunpowder.png		Piracy	Comes with Paganism.	Descended from the unbaptized Serbs, they refused the civilisation, and thus turned to piracy.	Soldadera	Concubine		\Art\Adventurers\soldadera.png	\Art\Adventurers\concubine.png	
Normal	Italian	Adventurer	38	II	3	2	\Art\Adventurers\Avvoltoio.png	Avvoltoio	\Art\Categories\Types\outlaw.png		Outlaw				Gunpowder	\Art\Speciality\gunpowder.png		Akimbo			Spy	Prowler		\Art\Adventurers\spy.png	\Art\Adventurers\prowler.png	
Rare	Ottoman	Adventurer	41	II	3	1	\Art\Adventurers\saboteur.png	Saboteur	\Art\Categories\Types\slave.png	\Art\Categories\Types\intellectual.png	Slave, Intellectual				Gunpowder	\Art\Speciality\gunpowder.png		Demolition	Unarmed adventurers can use Intellectual skills.		Spy			\Art\Adventurers\spy.png		
Legendary	English	Adventurer	0	II	4	2	\Art\Adventurers\wanton.png	Wanton	\Art\Categories\Types\outlaw.png		Outlaw				Gunpowder	\Art\Speciality\gunpowder.png		Gambling	At the price of 1 damage, change the type of this adventurer (any types).	« Thus, it will be seen, their life, for all its splendour, was not without danger and difficulty, requiring talent and determination for success. And required them to live a wandering and disconnected life. »	Spy	Musketeer		\Art\Adventurers\spy.png	\Art\Adventurers\musketeer.png	
Normal	German	Adventurer	94	I	2	1	\Art\Adventurers\buergermeister.png	Bürgermeister	\Art\Categories\Types\explorer.png	\Art\Categories\Types\intellectual.png	Explorer, Intellectual				Gunpowder	\Art\Speciality\gunpowder.png		Marriage	When you camp, you can use two times an Intellectual skill of your choice.		Stadhouder			\Art\Adventurers\stadhouder.png		
Normal	Dutch	Adventurer	508	II	2	2	\Art\Adventurers\ruyter.png	Ruyter	\Art\Categories\Types\soldier.png		Soldier				Gunpowder	\Art\Speciality\gunpowder.png		Point blank			Stadhouder			\Art\Adventurers\stadhouder.png		
Rare	African	Adventurer	667	I	2	1	\Art\Adventurers\wangara.png	Wangara	\Art\Categories\Types\intellectual.png		Intellectual				Unarmed	\Art\Speciality\unarmed.png		Advanced trade	Your Gold can be exhausted once to pay.	« Ones who engage in trade and travels from one horizon to another. »	Sultan			\Art\Adventurers\sultan.png		
Rare	Slavic	Adventurer	77	I	4	2	\Art\Adventurers\boyar.png	Boyar	\Art\Categories\Types\noble.png		Noble			\Art\Speciality\mounted.png	Mounted, Melee	\Art\Speciality\melee.png		Wedding party	When you refresh another Noble adventurer, you may search for a Resource card in your map.	« Primeln entblühen dem Rasen im Mai,  Achtlos jaget der Tartar vorbei. »	Szlachcic			\Art\Adventurers\szlachcic.png		
Normal	Mongol	Adventurer	579	I	4	2	\Art\Adventurers\steppes rider.png	Steppes Rider	\Art\Categories\Types\soldier.png		Soldier			\Art\Speciality\mounted.png	Mounted, Melee	\Art\Speciality\melee.png		Raid	When Steppes Rider defends, its attacked must damage one Commoner card from his hand or group.		Tengrikut			\Art\Adventurers\tengrikut.png		
Rare	Amerindian	Adventurer	40	I	6	1	\Art\Adventurers\kuraka.png	Kuraka	\Art\Categories\Types\noble.png		Noble				Melee	\Art\Speciality\melee.png		Marriage			Toltecatl			\Art\Adventurers\toltecatl.png		
Rare	Amerindian	Adventurer	446	II	2	2	\Art\Adventurers\native villagers.png	Native Villagers	\Art\Categories\Types\commoner.png		Commoner	 ٠ Settler	\Art\Categories\settler.png		Archery	\Art\Speciality\archery.png		Skin	Remove building restrictions while in Forest.		Tracker	Loremaster		\Art\Adventurers\tracker.png	\Art\Adventurers\loremaster.png	
Rare	French	Adventurer	40	I	2	1	\Art\Adventurers\huguenot.png	Huguenot	\Art\Categories\Types\commoner.png	\Art\Categories\Types\religious.png	Commoner, Religious				Gunpowder	\Art\Speciality\gunpowder.png		Administration			Trekboers			\Art\Adventurers\trekboers.png		
Rare	Unknown	Adventurer	1	I	4	2	\Art\Adventurers\aboriginal.png	Aboriginal	\Art\Categories\Types\commoner.png	\Art\Categories\Types\general.png	Commoner, General				Unarmed, Melee	\Art\Speciality\unarmed.png	\Art\Speciality\melee.png	Totemancy	Comes with Boomerang (item).  When Aboriginal attacks, it is always Efficient.	« Ngul'leejee gawinjee mullinda  Gunalyee niong'gajee. »	Trepanger			\Art\Adventurers\trepanger.png		
Legendary	German	Adventurer	367	I	3	1	\Art\Adventurers\knecht.png	Knecht	\Art\Categories\Types\commoner.png		Commoner				Non-fighting	\Art\Speciality\non fighting.png		Serve	Knecht can be attached as an Item to a Noble adventurer.		Uhlan	Swiss Pikeman		\Art\Adventurers\uhlan.png	\Art\Adventurers\swiss pikeman.png	
Normal	French	Adventurer	37	II	4	1	\Art\Adventurers\Mousquetaire.png	Mousquetaire	\Art\Categories\Types\soldier.png		Soldier				Melee, Gunpowder	\Art\Speciality\melee.png	\Art\Speciality\gunpowder.png	Camaraderie		« Ah, sangdieu ! il ne m’échappera pas, cette fois. »	Voyageur			\Art\Adventurers\voyageur.png		
Normal	Iberian	Adventurer	92	II	3	1	\Art\Adventurers\buccaneer.png	Buccaneer	\Art\Categories\Types\outlaw.png	\Art\Categories\Types\explorer.png	Outlaw, Explorer	 ٠ Pirate	\Art\Categories\pirate.png		Gunpowder	\Art\Speciality\gunpowder.png		Mercenarism	+1 attack per Quest.	« To act on selfish impulse.  You want to see what it''s like.  One day, you won''t be able to resist. »	Vrijbuiter			\Art\Adventurers\vrijbuiter.png		
Rare	Balkan	Adventurer	626	I	4	1	\Art\Adventurers\vlach.png	Vlach	\Art\Categories\Types\commoner.png	\Art\Categories\Types\soldier.png	Commoner, Soldier				Melee, Gunpowder	\Art\Speciality\melee.png	\Art\Speciality\gunpowder.png	Herd 	Vlach can use Outlaw skills at Night.	« Vad cum iese soarele  Ale, ale, ale »	Wallachian Rider	Domnitor		\Art\Adventurers\wallachian rider.png	\Art\Adventurers\domnitor.png	
Normal	Amerindian	Adventurer	315	I	4	2	\Art\Adventurers\hunter.png	Hunter	\Art\Categories\Types\commoner.png		Commoner				Archery	\Art\Speciality\archery.png		Skin	The target of Hunter is also considered an Animal.		Wanderer			\Art\Adventurers\wanderer.png		
Normal	English	Adventurer	498	I	3	1	\Art\Adventurers\redemptioners.png	Redemptioners	\Art\Categories\Types\commoner.png		Commoner	 ٠ Settler	\Art\Categories\settler.png		Non-fighting	\Art\Speciality\non fighting.png		Colonize	Comes with 1 Mount.  You may attach a Slave skill to Redemptioner, granting him the Slave type.	« Nice day for fishing, ain’t it? »	Wataugan	Fossicker	Miner	\Art\Adventurers\wataugan.png	\Art\Adventurers\fossicker.png	\Art\Adventurers\miner.png
Normal	Slavic	Adventurer	159	II	5	1	\Art\Adventurers\cossack.png	Cossack	\Art\Categories\Types\soldier.png		Soldier				Gunpowder, Melee, Unarmed	\Art\Speciality\gunpowder.png	\Art\Speciality\melee.png	Oseledets	Harass (+1 per consecutive turn you attack with this adventurer).		Wayfarer	Ataman Maurauder		\Art\Adventurers\wayfarer.png	\Art\Adventurers\ataman maurauder.png	
Legendary	Amerindian	Adventurer	52	I	3	3	\Art\Adventurers\bird of passage.png	Bird of Passage	\Art\Categories\Types\explorer.png		Explorer				Archery, Unarmed	\Art\Speciality\archery.png	\Art\Speciality\unarmed.png	Nature Friendship	When you discover an Event, you may search for another Event from your Discovery pile.		Wise Woman			\Art\Adventurers\wise woman.png		
Normal	Mongol	Adventurer	618	I	3	1	\Art\Adventurers\uriankhai.png	Uriankhai	\Art\Categories\Types\soldier.png		Soldier				Archery	\Art\Speciality\archery.png		Marksmanship	Always efficient against Commoners.		Wokou			\Art\Adventurers\wokou.png		
Legendary	Nanyang	Adventurer	464	I	5	1	\Art\Adventurers\pardoned convict.png	Pardoned Convict	\Art\Categories\Types\outlaw.png		Outlaw				Unarmed	\Art\Speciality\unarmed.png		Justice	Your other Outlaw adventurers get the additional Unarmed speciality.	He fought hundreds of times,  to finally earn his freedom.	Wrestler			\Art\Adventurers\wrestler.png		
Rare	Amerindian	Adventurer	514	I	3	1	\Art\Adventurers\sacrificer.png	Sacrificer	\Art\Categories\Types\religious.png		Religious				Melee	\Art\Speciality\melee.png		Ritual	If you have Paganism, using a Religious deals 1 damage to the opponent.	« Look at my eyes. Look. »	Wretch			\Art\Adventurers\wretch.png		
Rare	Chinese	Adventurer	1	I	3	1	\Art\Adventurers\adviser.png	Adviser	\Art\Categories\Types\intellectual.png		Intellectual				Non-fighting	\Art\Speciality\non fighting.png		Administration	If you don’t discover a Skill in your exploration, you may explore again.	To see in the day, open your eyes.  To see in the night, close them.						
Rare	Italian	Adventurer	24	I	2	1	\Art\Adventurers\architect.png	Architect	\Art\Categories\Types\intellectual.png		Intellectual				Non-fighting	\Art\Speciality\non fighting.png		Advanced building	Construction time is halved, for a minimum of 1.	« Il meglio e l'inimicò del bene. »						
Normal	Dutch	Adventurer	195	I	2	2	\Art\Adventurers\envoy.png	Envoy	\Art\Categories\Types\commoner.png		Commoner				Gunpowder	\Art\Speciality\gunpowder.png		Advanced diplomacy	When you use an Explorer skill, Observe X, where X is your Speed.	A hat-wearing fishmonger?						
Rare	Persian	Adventurer	41	III	3	1	\Art\Adventurers\jazayerchi.png	Jazayerchi	\Art\Categories\Types\soldier.png		Soldier				Gunpowder	\Art\Speciality\gunpowder.png		Advanced training	+1 critical hit chance per speed malus.	« An arrow cannot answer a Jazāyer. »						
Normal	Dutch	Adventurer	663	II	3	1	\Art\Adventurers\vrijbuiter.png	Vrijbuiter	\Art\Categories\Types\explorer.png		Explorer	 ٠ Pirate	\Art\Categories\pirate.png		Gunpowder	\Art\Speciality\gunpowder.png		Ambition	You can have an additional active Quest.	« Breng mij die horizon! »						
Normal	Japanese	Adventurer	561	I	4	2	\Art\Adventurers\smuggler.png	Smuggler	\Art\Categories\Types\outlaw.png		Outlaw	 ٠ Pirate	\Art\Categories\pirate.png		Melee	\Art\Speciality\melee.png		Ambuscade	Exhaust Smuggler instead of paying 1 gold.  Merchants who sell Items can also sell skills for the same price.	Many men left behind their lives to seek fortunes at sea.						
Normal	Amerindian	Adventurer	215	I	3	2	\Art\Adventurers\farrier.png	Farrier	\Art\Categories\Types\commoner.png		Commoner				Non-fighting	\Art\Speciality\non fighting.png		Animal breeding	Mounts attached to Farrier are also considered as Item (so Farrier can have multiple mounts).							
Rare	Italian	Adventurer	426	II	2	1	\Art\Adventurers\musician.png	Musician	\Art\Categories\Types\intellectual.png	\Art\Categories\Types\commoner.png	Intellectual, Commoner				Non-fighting	\Art\Speciality\non fighting.png		Anthem	You can attach a Musical skill to any skill in your group. Whenever you use this Skill, the music Skill is also used.	« Sta piovendo nella mia memoria, ma stasera fa un po freddo. »						
Legendary	African	Adventurer	188	I	4	2	\Art\Adventurers\emir.png	Emir	\Art\Categories\Types\noble.png		Noble				Non-fighting	\Art\Speciality\non fighting.png		Any Noble Skill	Your Commoners and Slaves also count as Gold.							
Normal	Amerindian	Adventurer	314	I	3	1	\Art\Adventurers\huaminca.png	Huaminca	\Art\Categories\Types\noble.png	\Art\Categories\Types\soldier.png	Noble, Soldier				Melee	\Art\Speciality\melee.png		Archaic combat								
Legendary	African	Adventurer	543	I	3	2	\Art\Adventurers\shifta.png	Shifta	\Art\Categories\Types\outlaw.png		Outlaw				Melee	\Art\Speciality\melee.png		Assassination	Your adventurers can use Commoner skills regardless of ethnic or specialty restrictions.							
Legendary	Arctic	Adventurer	41	III	2	1	\Art\Adventurers\aakuaksrak.png	Aakuaksrak	\Art\Categories\Types\commoner.png	\Art\Categories\Types\religious.png	Commoner, Religious				Non-fighting	\Art\Speciality\non fighting.png		Auspiciousness	For each Female without a Male in your group, grants +1 HP.							
Rare	Nanyang	Adventurer	611	I	2	1	\Art\Adventurers\trepanger.png	Trepanger 	\Art\Categories\Types\commoner.png		Commoner				Archery	\Art\Speciality\archery.png		Bonne entente								
Legendary	Iberian	Adventurer	0	I	5	1	\Art\Adventurers\conquistadora.png	Conquistadora	\Art\Categories\Types\soldier.png	\Art\Categories\Types\explorer.png	Soldier, Explorer				Melee, Gunpowder	\Art\Speciality\melee.png	\Art\Speciality\gunpowder.png	Bravery	Each time your group is attacked, you can search for an Iberian adventurer.	« Señora, ¿de qué manera los tengo yo de matar? Respondió ella: Desta manera. Y desenvainando la espada los mató a todos... »						
Normal	Amerindian	Adventurer	389	I	4	2	\Art\Adventurers\marauder.png	Marauder	\Art\Categories\Types\soldier.png		Soldier			\Art\Speciality\mounted.png	Melee, Mounted	\Art\Speciality\melee.png		Bravery								
Rare	Japanese	Adventurer	503	I	5	1	\Art\Adventurers\ronin.png	Ronin	\Art\Categories\Types\outlaw.png		Outlaw	 ٠ Mercenary	\Art\Categories\mercenary.png		Melee	\Art\Speciality\melee.png		Bravery		« 100 years of sleep,  fallen in a slumber so deep. »						
Normal	Chinese	Adventurer	29	I	2	1	\Art\Adventurers\arquebusier.png	Arquebusier	\Art\Categories\Types\soldier.png		Soldier				Gunpowder	\Art\Speciality\gunpowder.png		Camaraderie								
Legendary	Balkan	Adventurer	47	II	3	1	\Art\Adventurers\betyar.png	Betyár 	\Art\Categories\Types\outlaw.png		Outlaw	 ٠ Mercenary	\Art\Categories\mercenary.png		Gunpowder	\Art\Speciality\gunpowder.png		Camaraderie	+X to your hand limit, where X is the number of Skills and Items attached to this adventurer.	« Jó estét, csárdásné! Hát ez a két pej paripa ki-é? »						
Rare	Latino	Adventurer	565	III	3	1	\Art\Adventurers\soldadera.png	Soldadera	\Art\Categories\Types\commoner.png	\Art\Categories\Types\soldier.png	Commoner, Soldier				Gunpowder	\Art\Speciality\gunpowder.png		Campement	Your women can learn Soldier skills.							
Legendary	African	Adventurer	40	I	5	2	\Art\Adventurers\Imbangala.png	Imbangala	\Art\Categories\Types\soldier.png	\Art\Categories\Types\outlaw.png	Soldier, Outlaw	 ٠ Pirate	\Art\Categories\pirate.png		Melee	\Art\Speciality\melee.png		Cannibalism	Rage (+1 Attack per Damage)	« But when they take any town they keep the boys and girls of thirteen or fourteen years of age as their own children. But the men and women they kill and eat. »						
Normal	Unknown	Adventurer	98	I	4	2	\Art\Adventurers\cannibal rider.png	Cannibal Rider	\Art\Categories\Types\soldier.png	\Art\Categories\Types\religious.png	Soldier, Religious			\Art\Speciality\mounted.png	Melee, Mounted	\Art\Speciality\melee.png		Cannibalism	Your Religious skills deal +1 damage.							
Rare	African, Latino	Adventurer	40	II	3	1	\Art\Adventurers\quilombola.png	Quilombola	\Art\Categories\Types\outlaw.png	\Art\Categories\Types\slave.png	Outlaw, Slave				Unarmed	\Art\Speciality\unarmed.png		Capoeira	+1 Food in Forest.  Your Slave adventurers gain +1 Life per Slaves in your group.	« Eu, pássaro-preto, cicatrizo queimaduras de ferro em brasa,  fecho corpo de escravo fugido e monto guarda na porta dos quilombos. »						
Rare	Slavic	Adventurer	461	I	3	2	\Art\Adventurers\oprichnik.png	Oprichnik	\Art\Categories\Types\soldier.png		Soldier			\Art\Speciality\mounted.png	Mounted, Melee	\Art\Speciality\melee.png		Capture								
Legendary	English	Adventurer	480	II	5	1	\Art\Adventurers\piratebane.png	Piratebane	\Art\Categories\Types\explorer.png	\Art\Categories\Types\outlaw.png	Explorer, Outlaw	 ٠ Pirate	\Art\Categories\pirate.png		Gunpowder, Melee	\Art\Speciality\gunpowder.png	\Art\Speciality\melee.png	Capture	+2 attack against Pirates.	« Wave Tamer, conveyor of civilisation to barbaric lands. »						
Rare	German	Adventurer	68	II	5	2	\Art\Adventurers\black rider.png	Black Rider	\Art\Categories\Types\soldier.png		Soldier	 ٠ Mercenary	\Art\Categories\mercenary.png		Gunpowder	\Art\Speciality\gunpowder.png		Caracole	+1 attack for each Adventurer with Point Blank in the group.	« Dahin mit dir, möcht’ ich mit dir,  O mein Geliebter, ziehn,  Dahin mit dir, möcht’ ich mit dir »						
Legendary	Indian	Adventurer	0	I	2	2	\Art\Adventurers\sarthavaha.png	Sarthavaha	\Art\Categories\Types\explorer.png	\Art\Categories\Types\religious.png					Non-fighting	\Art\Speciality\non fighting.png		Caravan mastery								
Rare	Nanyang	Adventurer	381	I	5	1	\Art\Adventurers\laksamana.png	Laksamana	\Art\Categories\Types\soldier.png	\Art\Categories\Types\intellectual.png	Soldier, Intellectual				Gunpowder, Melee	\Art\Speciality\gunpowder.png	\Art\Speciality\melee.png	Carok	Has the additional Noble type.	« A flying rug for Do, a telescope for Re, and a whistle for Mi. »						
Rare	Slavic	Adventurer	545	II	3	2	\Art\Adventurers\siberian explorer.png	Siberian Explorer	\Art\Categories\Types\explorer.png		Explorer				Gunpowder	\Art\Speciality\gunpowder.png		Cartography	When you discover an adventurer whose Culture is not present in your group, you may generate 1 Knowledge.							
Rare	Indian	Adventurer	82	I	2	1	\Art\Adventurers\brahmin.png	Brahmin	\Art\Categories\Types\religious.png		Religious				Non-fighting	\Art\Speciality\non fighting.png		Ceremony	Comes with Hinduism.	« You will find no rest for the long years of Eternity  For you killed a bird in love and unsuspecting. »						
Rare	African	Adventurer	541	I	2	1	\Art\Adventurers\shaman.png	Shaman	\Art\Categories\Types\religious.png		Religious				Non-fighting	\Art\Speciality\non fighting.png		Ceremony	Comes with Paganism.	« It seems that the woman was perceived as being in a close relationship with these animal spirits. »						
Legendary	German	Adventurer	3	I	3	1	\Art\Adventurers\alchemist.png	Alchemist	\Art\Categories\Types\intellectual.png		Intellectual				Gunpowder	\Art\Speciality\gunpowder.png		Chrysopoeia	Comes with Lapis Philosophorum (Quest).  When you discover a Gem, you can search for 1 Item.	« The vertue of our Stone few men can tell,  The Elements in him be so mighty,  Aboundance of treasure in him do dwell;  For in riches all Stones exceeds he. »						
Normal	Amerindian	Adventurer	149	I	3	1	\Art\Adventurers\clubman.png	Clubman	\Art\Categories\Types\soldier.png		Soldier				Melee	\Art\Speciality\melee.png		Close combat								
Rare	Unknown	Adventurer	691	I	5	1	\Art\Adventurers\wrestler.png	Wrestler	\Art\Categories\Types\commoner.png	\Art\Categories\Types\outlaw.png	Commoner, Outlaw				Unarmed	\Art\Speciality\unarmed.png		Close combat	All Unarmed skills don’t take up Skill slots.							
Legendary	Unknown	Adventurer	464	I	4	1	\Art\Adventurers\papar.png	Papar	\Art\Categories\Types\religious.png	\Art\Categories\Types\commoner.png	Religious, Commoner				Unarmed	\Art\Speciality\unarmed.png		Colonize	Explore 1 when using an Religious skill.	Centuries ago, forced to flee Iceland when the Vikings came, guided by faith, they reached the New World before the first Europeans. 						
Rare	American	Adventurer	672	III	5	1	\Art\Adventurers\wataugan.png	Wataugan	\Art\Categories\Types\commoner.png		Commoner				Gunpowder	\Art\Speciality\gunpowder.png		Colonize	While in Mountain, generate 1 Gold whenever you attack.  +1 attack against Native.							
Rare	Iberian	Adventurer	319	I	4	1	\Art\Adventurers\inquisitor.png	Inquisitor	\Art\Categories\Types\religious.png	\Art\Categories\Types\soldier.png	Religious, Soldier				Melee	\Art\Speciality\melee.png		Condemn	You may directly attack the opponent whenever he uses a Religious skill even if Inquisitor is exhausted.							
Normal	American	Adventurer	41	III	3	1	\Art\Adventurers\draftee.png	Draftee	\Art\Categories\Types\commoner.png		Commoner	 ٠ Pirate	\Art\Categories\pirate.png		Melee	\Art\Speciality\melee.png		Cooking		« Chop chop! »						
Legendary	Chinese	Adventurer	291	II	3	1	\Art\Adventurers\haidao.png	Haidao	\Art\Categories\Types\outlaw.png		Outlaw	 ٠ Pirate	\Art\Categories\pirate.png		Gunpowder	\Art\Speciality\gunpowder.png		Corporal punishment	If you hand is empty, you may attack.	« She was a sapling thin woman of sleepy eyes and caries-riddled smile. Her oiled black hair shone brighter than her eyes. »						
Rare	English	Adventurer	575	III	3	2	\Art\Adventurers\spy.png	Spy	\Art\Categories\Types\soldier.png	\Art\Categories\Types\intellectual.png	Soldier, Intellectual				Gunpowder, Unarmed	\Art\Speciality\gunpowder.png	\Art\Speciality\unarmed.png	Covered action	At night, exhaust Spy.  You can use a Skill from the enemy group.	« These are the magic. These are the vision. The rest is only Poetry. »						
Rare	Amerindian, Iberian	Adventurer	596	I	2	1	\Art\Adventurers\toltecatl.png	Toltecatl	\Art\Categories\Types\commoner.png		Commoner				Non-fighting	\Art\Speciality\non fighting.png		Craftsmanship	This adventurer can learn an unlimited number of passive skills. Has the additional Iberian culture							
Rare	Slavic	Adventurer	331	I	1	1	\Art\Adventurers\inventor.png	Inventor	\Art\Categories\Types\intellectual.png		Intellectual				Gunpowder	\Art\Speciality\gunpowder.png		Creative ideas	Comes with 1 Material and 1 Item.	« And the evil spirits lifted him and his ballon higher than the birch. »						
Normal	Japanese	Adventurer	396	I	3	2	\Art\Adventurers\miko.png	Aruki Miko	\Art\Categories\Types\explorer.png	\Art\Categories\Types\religious.png	Explorer, Religious				Archery	\Art\Speciality\archery.png		Devotion	You may Exhaust Miko or 1 of her skills to explore 1.	« And the more severe it is, the more creative it is. »						
Legendary	Ottoman	Adventurer	698	III	3	1	\Art\Adventurers\yezidi.png	Yezidi	\Art\Categories\Types\soldier.png	\Art\Categories\Types\religious.png	Soldier, Religious				Gunpowder	\Art\Speciality\gunpowder.png		Endurance	+1 Attack for each religious skills attached to Yezidi.							
Rare	Persian	Adventurer	192	III	2	1	\Art\Adventurers\engineer.png	Engineer	\Art\Categories\Types\intellectual.png		Intellectual				Gunpowder	\Art\Speciality\gunpowder.png		Engineering	This adventurer gets +X Skill slots where X is your Knowledge.	« Dar bahaar, man gaahi oghaat miravam va dar labeye yek zamine goldar mineshinam. »						
Rare	African	Adventurer	0	II	4	3	\Art\Adventurers\eso ikoyi.png	Eso Ikoyi	\Art\Categories\Types\noble.png	\Art\Categories\Types\soldier.png	Noble, Solder			\Art\Speciality\mounted.png	Melee, Mounted	\Art\Speciality\melee.png		Enslave		« Eso ki igba Ofa lehin  Afi bi o ba gbogbe niwaju gangan. »						
Normal	African	Adventurer	555	III	4	2	\Art\Adventurers\slave hunter.png	Slave hunter	\Art\Categories\Types\commoner.png	\Art\Categories\Types\soldier.png	Commoner, Soldier	 ٠ Mercenary	\Art\Categories\mercenary.png		Gunpowder	\Art\Speciality\gunpowder.png		Enslave	+1 damage when attacking Slaves.							
Normal	Latino	Adventurer	40	III	4	2	\Art\Adventurers\chinaco.png	Chinaco	\Art\Categories\Types\commoner.png	\Art\Categories\Types\outlaw.png	Commoner, Outlaw	 ٠ Mercenary	\Art\Categories\mercenary.png	\Art\Speciality\mounted.png	Mounted, Melee	\Art\Speciality\melee.png		Equestrian skills								
Legendary	Mongol, Arctic	Adventurer	230	I	3	1	\Art\Adventurers\tengri.png	Tengrikut	\Art\Categories\Types\noble.png	\Art\Categories\Types\religious.png	Noble, Religious				Archery	\Art\Speciality\archery.png		Falconry	Non-fighting Religious have +1 Life.	« Ba Chinggis Khaany urguud ooriin Mongoljin toroor aj shilamd orvoos ba esvees beer gagts Monh Tenger med hemeej. »						
Rare	Mongol	Adventurer	98	I	3	2	\Art\Adventurers\camel explorer.png	Camel Explorer	\Art\Categories\Types\explorer.png	\Art\Categories\Types\commoner.png	Explorer, Commoner				Non-fighting	\Art\Speciality\non fighting.png		Fast exploration	You can explore one more time when in a Desert or a Plain.							
Legendary	African	Adventurer	166	I	5	1	\Art\Adventurers\dahomey.png	Dahomey	\Art\Categories\Types\soldier.png		Soldier				Gunpowder, Melee	\Art\Speciality\gunpowder.png	\Art\Speciality\melee.png	Ferocity		Also called Ahosi, Gbeto, Mino. or simply Amazon.						
Rare	American	Adventurer	40	III	3	1	\Art\Adventurers\owlhoot.png	Owlhoot	\Art\Categories\Types\outlaw.png		Outlaw				Gunpowder	\Art\Speciality\gunpowder.png		Find gold								
Rare	Ottoman	Adventurer	1	I	4	1	\Art\Adventurers\pasha.png	Pasha	\Art\Categories\Types\noble.png		Noble				Melee, Gunpowder	\Art\Speciality\melee.png	\Art\Speciality\gunpowder.png	Fluidity								
Normal	Amerindian	Adventurer	391	I	2	2	\Art\Adventurers\merchant.png	Merchant	\Art\Categories\Types\intellectual.png		Intellectual				Unarmed	\Art\Speciality\unarmed.png		Forced trade	You can avoid a fight by paying X cards where X is the number of enemy adventurers.	« When Jupiter rose, he gave the brush. For a price. »						
Normal	English	Adventurer	308	II	3	1	\Art\Adventurers\highlander.png	Highlander	\Art\Categories\Types\soldier.png		Soldier	 ٠ Mercenary	\Art\Categories\mercenary.png		Gunpowder	\Art\Speciality\gunpowder.png		Forced walk	Refresh Highlander at the end of your turn without the need of Camping.  +1 attack if you have a French adventurer.							
Normal	Latino	Adventurer	40	II	3	1	\Art\Adventurers\salteador.png	Salteador	\Art\Categories\Types\soldier.png		Soldier				Gunpowder	\Art\Speciality\gunpowder.png		Furtivity								
Normal	Chinese	Adventurer	214	I	1	1	\Art\Adventurers\Nongmin.png	Nóngmín 	\Art\Categories\Types\commoner.png		Commoner				Non-fighting	\Art\Speciality\non fighting.png		Gather resource	When you add an Adventurer to your group, heal 1.							
Normal	Persian	Adventurer	497	II	3	1	\Art\Adventurers\qurchi.png	Qurchi	\Art\Categories\Types\soldier.png		Soldier				Melee, Gunpowder	\Art\Speciality\melee.png	\Art\Speciality\gunpowder.png	Guard		« kälginläyü aqtïmïz, kändlär üzä čïqtïmïz, furxan ävin yïqtïmïz »						
Rare	Balkan, Ottoman	Adventurer	0	II	3	1	\Art\Adventurers\armatole.png	Armatole	\Art\Categories\Types\soldier.png	\Art\Categories\Types\outlaw.png	Outlaw				Gunpowder, Melee	\Art\Speciality\gunpowder.png	\Art\Speciality\melee.png	Guerilla	You can always Embush as long as the enemy has at least one Ottoman adventurer.  If you have an Ottoman noble, Armatole gains the Soldier type.	« ν'άποτελέσουν τήν μαγιά της λευτεριάς »						
Normal	Latino	Adventurer	386	II	4	2	\Art\Adventurers\machetero.png	Machetero	\Art\Categories\Types\outlaw.png	\Art\Categories\Types\soldier.png	Outlaw, Soldier				Melee	\Art\Speciality\melee.png		Guerilla	+2 speed in Forest.							
Normal	English	Adventurer	171	III	2	1	\Art\Adventurers\doctor.png	Doctor	\Art\Categories\Types\intellectual.png		Intellectual				Non-fighting	\Art\Speciality\non fighting.png		Heal	When you refresh Doctor, you may Heal 1.	The joy of freedom compensates for many injuries.						
Legendary	Slavic	Adventurer	356	I	2	1	\Art\Adventurers\kitezhian.png	Kitezhian	\Art\Categories\Types\religious.png		Religious				Non-fighting	\Art\Speciality\non fighting.png		Heal	You can have an additional Group Class.	The last thing they saw was the shining dome of the cathedral with the cross on top. Then there were only waves.						
Rare	English	Adventurer	0	II	4	3	\Art\Adventurers\reiver.png	Reiver	\Art\Categories\Types\outlaw.png		Outlaw	 ٠ Pirate	\Art\Categories\pirate.png	\Art\Speciality\mounted.png	Archery, Mounted	\Art\Speciality\melee.png		Horse culture		« Idonea, wolves  Are not the enemies that move my fears. »						
Normal	Chinese	Adventurer	389	I	3	3	\Art\Adventurers\manchu.png	Manchu	\Art\Categories\Types\soldier.png		Soldier			\Art\Speciality\mounted.png	Mounted, Archery	\Art\Speciality\archery.png		Horse culture	+1 attack to Archery skills. Using an Archery skill allows you to use a Mounted skill for free.	« Sabdara tampin emgeri cingkatala,  Sinci usacuka jilgan elben i boo de isinjiha. »						
Rare	Arctic	Adventurer	615	I	2	1	\Art\Adventurers\urangai sakha.png	Urangai Sakha	\Art\Categories\Types\soldier.png		Soldier				Archery	\Art\Speciality\archery.png		Hunt	Spend 1 Knowledge to grant to Archery specialty to another Adventurer.	« Ilinten arğaa ol kustuga,  Almaas taas kurduk sandaara sırdıır. »						
Normal	Iberian	Adventurer	37	I	5	1	\Art\Adventurers\bandeirante.png	Bandeirante	\Art\Categories\Types\explorer.png	\Art\Categories\Types\noble.png	Explorer, Noble				Melee, Gunpowder	\Art\Speciality\melee.png	\Art\Speciality\gunpowder.png	Incursion	Other Nobles of your group gets the Deep Exploration signature skill.	« Onde as rajadas de luz nos rendemos. »						
Legendary	Arctic, Scandinavian	Adventurer	40	I	1	1	\Art\Adventurers\noaidi.png	Noaidi	\Art\Categories\Types\religious.png		Religious				Non-fighting	\Art\Speciality\non fighting.png		Initiation	Double your Observe at night.	« Ågå niråma buårebåst, nute åtzån sargabåst.  Taide sun monia lij aigåmasz sarågåin uålgatamasz. »						
Rare	Indian	Adventurer	416	II	2	1	\Art\Adventurers\mughal.png	Mughal	\Art\Categories\Types\noble.png		Noble				Non-fighting	\Art\Speciality\non fighting.png		Inspiration	When you have at least one Persian, Indian, and Mongol in your group, skills with these ethnic requirements can be used without restriction by these adventurers.	« The world is a bridge: but on the other side, no one is home built. »						
Legendary	Arctic	Adventurer	497	I	1	1	\Art\Adventurers\mongrel.png	Mongrel	\Art\Categories\Types\outlaw.png	\Art\Categories\Types\commoner.png	Outlaw, Commoner				Unarmed	\Art\Speciality\unarmed.png		Inventory proficiency	You can Explore at Night.	« Is it for ye wolde have my queynte allone?  Wy, taak it al! Lo, have it every deel! »						
Rare	Persian	Adventurer	34	I	5	1	\Art\Adventurers\ayyar.png	Ayyar	\Art\Categories\Types\outlaw.png		Outlaw				Melee	\Art\Speciality\melee.png		Javanmardi	+2 attack when you have taken more damage than your opponent.							
Normal	Japanese	Adventurer	411	I	2	1	\Art\Adventurers\monk.png	Monk	\Art\Categories\Types\religious.png		Religious				Unarmed	\Art\Speciality\unarmed.png		Kensho	When you don’t attack during your attack action, you can explore 1 and heal 1.	« Jihatsu-tekide mujakide asobigokoro no aru »						
Rare	Indian	Adventurer	545	I	4	1	\Art\Adventurers\sikh akali.png	Sikh Akali	\Art\Categories\Types\soldier.png	\Art\Categories\Types\religious.png	Soldier, Religious				Melee	\Art\Speciality\melee.png		Khalsa 	Comes with Sikhism.	« One shall be forever blessed, who says God is the ultimate truth! »						
Legendary	Chinese	Adventurer	0	I	4	1	\Art\Adventurers\shaolin master.png	Shaolin Master	\Art\Categories\Types\religious.png		Religious				Unarmed	\Art\Speciality\unarmed.png		Kung Fu	Your unarmed attacks can never miss.	« Is it possibIe using kung fu to pIay cards? »						
Legendary	Unknown	Adventurer	9	I	4	1	\Art\Adventurers\antique general.png	Antique General	\Art\Categories\Types\soldier.png		Soldier				Melee	\Art\Speciality\melee.png		Lead	Other single-type Soldiers of your group gain +1 Attack.	« For a long while the battle, evenly poised exceeding gallantry. »						
Legendary	African	Adventurer	581	I	4	1	\Art\Adventurers\sultan.png	Sultan	\Art\Categories\Types\noble.png		Noble				Melee	\Art\Speciality\melee.png		Lead	When you attach an Religious skill, you may search for a new Signature Skill for Sultant.							
Rare	Ottoman	Adventurer	178	II	2	1	\Art\Adventurers\dragoman.png	Dragoman	\Art\Categories\Types\intellectual.png		Intellectual				Non-fighting	\Art\Speciality\non fighting.png		Linguistic								
Rare	Indian	Adventurer	526	I	1	1	\Art\Adventurers\scholar.png	Scholar	\Art\Categories\Types\intellectual.png		Intellectual				Non-fighting	\Art\Speciality\non fighting.png		Linguistic	When you have Islam and Hinduism religions in your group, this adventurer may generate 1 Knowledge per turn.	« A fronte praecipitium a tergo desertio... »						
Normal	Persian	Adventurer	271	II	3	2	\Art\Adventurers\ghulam.png	Ghulam	\Art\Categories\Types\soldier.png	\Art\Categories\Types\slave.png	Soldier, Slave			\Art\Speciality\mounted.png	Mounted, Melee	\Art\Speciality\melee.png		Loyalty	Deals 1 damage to your opponent when you use a Slave skill.	« Tazıya tut deyir, dovşana qaç »						
Rare	Balkan	Adventurer	463	III	4	1	\Art\Adventurers\pandur.png	Pandur	\Art\Categories\Types\soldier.png		Soldier				Gunpowder	\Art\Speciality\gunpowder.png		Marksmanship	All Balkan adventurers’ signature skills are shared.  When you attack, you may search for a Musical skill (once per turn).	« Auch ist, mit seiner Heldenschaar, Der Held Schwerin nicht fern.  Wir sehen ihn; Sein graues Haar,  Glänzt uns, als wie ein Stern! »						
Rare	Slavic, Arctic	Adventurer	495	I	5	1	\Art\Adventurers\promyshlennik.png	Promyshlennik	\Art\Categories\Types\commoner.png	\Art\Categories\Types\explorer.png	Commoner, Explorer				Gunpowder	\Art\Speciality\gunpowder.png		Marriage	When you discover a Tribe, gains 1 Knowledge.	Russians and indigenous Siberian contract workers who engaged in the Siberian, maritime and later the Russian American fur trade.						
Rare	Slavic	Adventurer	143	II	1	1	\Art\Adventurers\chronicler.png	Chronicler	\Art\Categories\Types\intellectual.png		Intellectual				Non-fighting	\Art\Speciality\non fighting.png		Memorable achievement	You may choose to generate Knowledge from your Gold instead.	All those moments would be lost in time.						
Rare	French	Adventurer	0	II	3	1	\Art\Adventurers\Savoyen.png	Savoyen	\Art\Categories\Types\soldier.png		Soldier	 ٠ Mercenary	\Art\Categories\mercenary.png		Gunpowder, Melee	\Art\Speciality\gunpowder.png	\Art\Speciality\melee.png	Mercenarism	Gains the Outlaw type in Plains.  Damaging with a Melee skill also Fear the target.	« Pè onna nai qu’étive la pe naire  I veniron; y n’étai pas pè bairè;  Y étivé pè pilli nou maison,  Et no tüa sans aucuna raison. »						
Rare	German	Adventurer	381	I	6	1	\Art\Adventurers\landsknecht.png	Landsknecht	\Art\Categories\Types\soldier.png		Soldier	 ٠ Mercenary	\Art\Categories\mercenary.png		Melee	\Art\Speciality\melee.png		Mercenarism	If you don’t have Gold, this adventurer can use Outlaw skills, and they don’t take up Skill slots.							
Normal	German	Adventurer	318	I	3	1	\Art\Adventurers\inhaber.png	Inhaber	\Art\Categories\Types\noble.png	\Art\Categories\Types\soldier.png	Noble, Soldier				Gunpowder, Melee	\Art\Speciality\gunpowder.png	\Art\Speciality\melee.png	Military tactics	You can have as many Soldier type skills in your hand.  You can use Soldier skills from your hand.	« Ich hör deine Stimme nicht; Mir ist, als ob ein Rauschen im Wald Von alten Zeiten spricht. »						
Rare	English	Adventurer	231	III	3	1	\Art\Adventurers\fossicker.png	Fossicker	\Art\Categories\Types\commoner.png		Commoner				Non-fighting	\Art\Speciality\non fighting.png		Mineralogy 	Your Gold is worth double in Marsh.							
Legendary	Scandinavian	Adventurer	42	I	3	2	\Art\Adventurers\hakkapeliitta.png	Hakkapeliitta	\Art\Categories\Types\soldier.png		Soldier			\Art\Speciality\mounted.png	Gunpowder, Mounted	\Art\Speciality\gunpowder.png		Mounted charge								
Rare	Italian	Adventurer	184	I	5	2	\Art\Adventurers\elmetto.png	Elmetto	\Art\Categories\Types\soldier.png		Soldier	 ٠ Mercenary	\Art\Categories\mercenary.png	\Art\Speciality\mounted.png	Mounted, Melee	\Art\Speciality\melee.png		Mounted charge	+X attack where X is your Gold.  Elmetto can't get refreshed by Camping.							
Normal	Amerindian	Adventurer	586	I	3	2	\Art\Adventurers\tashunke.png	Tashunke	\Art\Categories\Types\soldier.png		Soldier			\Art\Speciality\mounted.png	Melee, Mounted	\Art\Speciality\melee.png		Mounted charge								
Legendary	Unknown	Adventurer	590	I	4	1	\Art\Adventurers\thalamako.png	Thalamako	\Art\Categories\Types\soldier.png	\Art\Categories\Types\intellectual.png	Soldier, Intellectual				Melee, Non-fighting	\Art\Speciality\melee.png	\Art\Speciality\nonfighting.png	Navigation	The damage inflicted by Thalamako are Observed by the attacking player.	« And since that time their ancient eloquence, their screaming notes, their tiresome zeal of speech have all remained. »						
Rare	Italian	Adventurer	24	I	2	1	\Art\Adventurers\diplomat.png	Diplomat	\Art\Categories\Types\intellectual.png	\Art\Categories\Types\noble.png	Intellectual, Noble				Non-fighting	\Art\Speciality\non fighting.png		Negociation		« Tanto Nomini Nullum Par Elogium »						
Normal	French	Adventurer	157	I	4	1	\Art\Adventurers\corsair.png	Corsair	\Art\Categories\Types\soldier.png	\Art\Categories\Types\outlaw.png	Soldier, Outlaw	 ٠ Mercenary	\Art\Categories\mercenary.png		Melee, Gunpowder	\Art\Speciality\melee.png	\Art\Speciality\gunpowder.png	Panache	The target of Corsair is considered Outlaw for the rest of the day.  Corsair is considered a Pirate for other groups.	« Ce que l’esprit français offre de meilleur : le goût du panache plutôt que de la puissance. »						
Legendary	Unknown	Adventurer	480	II	5	1	\Art\Adventurers\pirate lord.png	Pirate Lord	\Art\Categories\Types\outlaw.png		Outlaw	 ٠ Pirate	\Art\Categories\pirate.png		Gunpowder, Melee	\Art\Speciality\gunpowder.png	\Art\Speciality\melee.png	Pantisocracy	+1 attack per Cultural Range	His hair produces smoke, without us understanding how. But somehow, we knew why.						
Normal	American	Adventurer	231	III	4	1	\Art\Adventurers\frontiersman.png	Frontiersman	\Art\Categories\Types\commoner.png	\Art\Categories\Types\soldier.png	Commoner, Soldier				Gunpowder	\Art\Speciality\gunpowder.png		Pathfinding	Explore 1 when using a Gunpowder skill.  Your adventurers can’t be afflicted by Fear.							
Normal	Unknown	Adventurer	495	III	4	1	\Art\Adventurers\prowler.png	Prowler	\Art\Categories\Types\outlaw.png		Outlaw				Melee	\Art\Speciality\melee.png		Perception								
Rare	Balkan	Adventurer	580	I	4	2	\Art\Adventurers\stradiot.png	Stradiot	\Art\Categories\Types\soldier.png		Soldier	 ٠ Mercenary	\Art\Categories\mercenary.png	\Art\Speciality\mounted.png	Mounted, Melee	\Art\Speciality\melee.png		Perception	+1 attack per Exhausted adventurer in the group.	« Estradiots, au son de leurs bedons,  Courent chevaulx, font bruire leurs guidons,  Saillent en l’air, vont de si roide sorte,  Qu’il semble bien que tempete les portes. »						
Normal	Mongol	Adventurer	344	I	2	1	\Art\Adventurers\Kalmyk.png	Kalmyk	\Art\Categories\Types\commoner.png	\Art\Categories\Types\religious.png	Commoner, Religious				Non-fighting	\Art\Speciality\non fighting.png		Plain mastery	Comes with Buddhism. Has the additional Eastern culture .	« The sky is copper,  Without any light. »						
Rare	Amerindian	Adventurer	72	I	2	1	\Art\Adventurers\boleadora.png	Boleadora	\Art\Categories\Types\soldier.png		Soldier				Archery	\Art\Speciality\archery.png		Point blank								
Normal	Iberian	Adventurer	110	I	3	1	\Art\Adventurers\cannoneer.png	Cannoneer	\Art\Categories\Types\soldier.png		Soldier				Gunpowder	\Art\Speciality\gunpowder.png		Point blank								
Normal	Ottoman	Adventurer	43	III	3	1	\Art\Adventurers\Basmachi.png	Basmachi	\Art\Categories\Types\outlaw.png	\Art\Categories\Types\general.png	Outlaw, General				Gunpowder, Archery	\Art\Speciality\gunpowder.png	\Art\Speciality\archery.png	Poison shot	If you have Islam, using a Outlaw skill heals 1.	« Er karu — bes kary »						
Rare	Japanese, Iberian	Adventurer	175	I	1	1	\Art\Adventurers\dominican nun.png	Dominican Nun	\Art\Categories\Types\religious.png		Religious				Non-fighting	\Art\Speciality\non fighting.png		Pray	Your Japanese adventurers can learn Religious skills regardless of any limitation.	« Lord, why are you always silent? »						
Legendary	Indian	Adventurer	40	III	4	1	\Art\Adventurers\karhade queen.png	Karhade Queen	\Art\Categories\Types\noble.png		Noble				Gunpowder, Melee	\Art\Speciality\gunpowder.png	\Art\Speciality\melee.png	Pride		« The most dangerous of all Indian leaders. »						
Legendary	Slavic	Adventurer	43	II	3	2	\Art\Adventurers\starets.png	Starets	\Art\Categories\Types\religious.png	\Art\Categories\Types\intellectual.png	Religious, Intellectual				Non-fighting	\Art\Speciality\non fighting.png		Prophecy	Comes with Poustinik (structure). Starets consume no resource.	« А наипаче во время молитвы надлежит поставить ум свой в такое состояние, чтобы он был и глух и нем, как сказал Нил Синайский. »						
Rare	African	Adventurer	71	II	4	1	\Art\Adventurers\maigadi.png	Maigadi	\Art\Categories\Types\soldier.png		Soldier				Gunpowder, Melee	\Art\Speciality\gunpowder.png	\Art\Speciality\melee.png	Protect	+1 attack per adventurer with the Noble type.							
Rare	Italian	Adventurer	204	I	5	1	\Art\Adventurers\executioner.png	Executioner	\Art\Categories\Types\commoner.png		Commoner				Melee	\Art\Speciality\melee.png		Punishment								
Rare	Slavic	Adventurer	40	II	5	2	\Art\Adventurers\ataman maurauder.png	Ataman Marauder	\Art\Categories\Types\outlaw.png	\Art\Categories\Types\explorer.png	Outlaw, Explorer	 ٠ Pirate	\Art\Categories\pirate.png		Melee	\Art\Speciality\melee.png		Quest mastery		« Богатырь ты будешь с виду  И казак душой.  Провожать тебя я выйду,  Ты махнёшь рукой... »						
Legendary	Dutch	Adventurer	380	III	3	1	\Art\Adventurers\kommando.png	Kommando	\Art\Categories\Types\explorer.png		Explorer				Gunpowder	\Art\Speciality\gunpowder.png		Reconnaissance								
Legendary	Slavic	Adventurer	673	III	4	1	\Art\Adventurers\Wayfarer.png	Wayfarer	\Art\Categories\Types\outlaw.png	\Art\Categories\Types\soldier.png	Outlaw, Soldier	 ٠ Mercenary	\Art\Categories\mercenary.png		Gunpowder	\Art\Speciality\gunpowder.png		Stalk		« The Zone is here too. »						
Legendary	Unknown	Adventurer	693	II	1	1	\Art\Adventurers\wretch.png	Wretch	\Art\Categories\Types\general.png		General				Unarmed	\Art\Speciality\unarmed.png		Stampede	When Wretch is discovered, put it back to the library and shuffle again.	« Early wither of simmered wills and wasted prides, The citadel, whose gleams quaver in the flat depths. »						
Normal	Italian	Adventurer	0	I	4	1	\Art\Adventurers\sentinel.png	Sentinel	\Art\Categories\Types\soldier.png		Soldier				Gunpowder	\Art\Speciality\gunpowder.png		Stand watch	+1 Attack per Structures in your current region.							
Rare	Indian	Adventurer	33	I	4	2	\Art\Adventurers\astronomer.png	Astronomer	\Art\Categories\Types\intellectual.png		Intellectual				Non-fighting	\Art\Speciality\non fighting.png		Star reading	+X speed at Night, where X is your Knowledge.	The sun is always beautiful in the night.						
Legendary	Nanyang	Adventurer	318	II	1	1	\Art\Adventurers\inong balee.png	Inong Balee	\Art\Categories\Types\religious.png	\Art\Categories\Types\outlaw.png	Religious, Outlaw				Melee	\Art\Speciality\melee.png		Stealth	When you use an Outlaw skill, you may Heal 1.							
Rare	Scandinavian	Adventurer	517	III	2	1	\Art\Adventurers\savolax.png	Savolax	\Art\Categories\Types\soldier.png		Soldier				Gunpowder	\Art\Speciality\gunpowder.png		Stealth		« Vi drar hem nu och så healar och sen så pushar vi mitt, okej? »						
Rare	French	Adventurer	164	II	6	2	\Art\Adventurers\cuirassier.png	Cuirassier	\Art\Categories\Types\soldier.png		Soldier			\Art\Speciality\mounted.png	Mounted, Melee	\Art\Speciality\melee.png		Strength	Gets +X attack where X is the number of French adventurers in the group.	« Ô transport d''un cœur glacé ! Rêve effacé ! Ces bottes-là c’est tout notre passé ! »						
Rare	French, German	Adventurer	0	III	2	2	\Art\Adventurers\vivandiere.png	Vivandière	\Art\Categories\Types\commoner.png		Commoner				Melee	\Art\Speciality\melee.png		Sutlership	+2 Life to your other adventurers.  +1 Life healed when Camping.  Vivandière represents 2 Food.	« Da müßt sie mit dem Regiment,  Nach Frankreich, überall mit hin,  Und wär die Marketenderin. »						
Legendary	Slavic	Adventurer	483	I	5	2	\Art\Adventurers\polyanitsa.png	Polyanitsa 	\Art\Categories\Types\soldier.png		Soldier				Melee	\Art\Speciality\melee.png		Swordsmanship	Double her attack against males.  Can fuse with Pole knight.	« You’ll always be mine.  Always...  and never. »						
Rare	Iberian	Adventurer	447	II	2	1	\Art\Adventurers\naturalist.png	Naturalist	\Art\Categories\Types\explorer.png	\Art\Categories\Types\intellectual.png	Explorer, Intellectual				Non-fighting	\Art\Speciality\non fighting.png		Taxonomy	Plants and Animals discovered can directly be added to Knowledge.							
Rare	Balkan	Adventurer	176	I	4	1	\Art\Adventurers\domnitor.png	Domnitor	\Art\Categories\Types\noble.png		Noble				Melee	\Art\Speciality\melee.png		Terror	You may decide to convert 1 Commoner, Soldier, or Slave of your group into a Impaled Corpse Structure.  This structure can be exhausted once per turn to Fear the opponent’s attacker.	His lank dining fellows, some lullful branchless boles,  Slowly drying their drips, Of countless previous feasts.						
Normal	American	Adventurer	76	III	4	1	\Art\Adventurers\bounty hunter.png	Bounty Hunter	\Art\Categories\Types\soldier.png		Soldier	 ٠ Mercenary	\Art\Categories\mercenary.png		Gunpowder	\Art\Speciality\gunpowder.png		Track	Bounty Hunter is also considered a Quest.							
Normal	Amerindian	Adventurer	597	I	2	2	\Art\Adventurers\tracker.png	Tracker	\Art\Categories\Types\soldier.png		Soldier				Archery	\Art\Speciality\archery.png		Track	Exhaust Tracker.  Observe the enemy map.							
Normal	Amerindian	Adventurer	383	II	2	1	\Art\Adventurers\loremaster.png	Loremaster	\Art\Categories\Types\intellectual.png		Intellectual				Non-fighting	\Art\Speciality\non fighting.png		Tradition	Discovering or completing a Quest generates 1 Knowledge.	« Alone, it's just a journey. Now adventures, they must be shared. »						
Normal	Iberian	Adventurer	447	I	3	2	\Art\Adventurers\navigator.png	Navigator	\Art\Categories\Types\intellectual.png	\Art\Categories\Types\explorer.png	Intellectual, Explorer				Gunpowder	\Art\Speciality\gunpowder.png		Triangulation	When you discover a Region, you may search for another Region and use it instead after having put back the previous one in your map.							
Legendary	Slavic	Adventurer	0	III	3	1	\Art\Adventurers\haidamaka.png	Haidamaka	\Art\Categories\Types\commoner.png	\Art\Categories\Types\outlaw.png	Commoner, Outlaw				Melee	\Art\Speciality\melee.png		Uprising								
Rare	Amerindian	Adventurer	119	I	3	4	\Art\Adventurers\chaski.png	Chaski	\Art\Categories\Types\commoner.png	\Art\Categories\Types\intellectual.png	Commoner, Intellectual				Unarmed	\Art\Speciality\unarmed.png		Walking mastery	+2 speed in Mountain.	« Some of them are, and you can't touch them. »						
Normal	French	Adventurer	390	I	2	1	\Art\Adventurers\menestrel.png	Menestrel 	\Art\Categories\Types\commoner.png		Commoner				Melee	\Art\Speciality\melee.png		Wander	You may refresh 1 adventurer when you use a General skill.  Menestrel can use all Musical skills and they don’t take up Skill slots.	« Seignor, oies chanson de grant nobilité,  Toute est de voire estoire sens point de fauseté,  Jamais n’orres si bonne en trestout vostre aé. »						
Legendary	German	Adventurer	450	I	5	1	\Art\Adventurers\nibelungen.png	Nibelungen	\Art\Categories\Types\noble.png		Noble				Melee	\Art\Speciality\melee.png		Wealth	When another player finds a Legendary card, you may search for a Legendary card.	« Of this hero I sing, how fair he grew. Free he was of every blemish. »						
Rare	Iberian	Adventurer	199	III	1	1	\Art\Adventurers\escultora.png	Escultora	\Art\Categories\Types\intellectual.png		Intellectual				Non-fighting	\Art\Speciality\non fighting.png		Wondering	Gain 1 Knowledge when you discover a Landmark.	A young, ambiguous-looking stone carver who became artist against all odds.						
Rare	Chinese	Adventurer	469	I	3	1	\Art\Adventurers\philosopher.png	Philosopher	\Art\Categories\Types\intellectual.png		Intellectual				Non-fighting	\Art\Speciality\non fighting.png		Wondering	Can't equip weapons.  +1 Knowledge when you camp two times in a row.	« The weak overcomes the strong.  The soft overcomes the hard. »						
Rare	Amerindian	Adventurer	41	III	3	2	\Art\Adventurers\rotiskenrakehte.png	Rotiskenrakehte	\Art\Categories\Types\soldier.png		Soldier				Gunpowder	\Art\Speciality\gunpowder.png		Zeal								
Legendary	Amerindian	Adventurer	0	II	5	1	\Art\Adventurers\warchief.png	Warchief	\Art\Categories\Types\noble.png	\Art\Categories\Types\soldier.png	Noble, Solder				Melee	\Art\Speciality\melee.png			Your other Amerindian adventurers can use Soldier skills and gain +X Life where X is the number of Amerindians in your group.							
Legendary	Amerindian	Adventurer	37	II	2	1	\Art\Adventurers\wise woman.png	Wise Woman	\Art\Categories\Types\intellectual.png	\Art\Categories\Types\religious.png	Intellectual, Religious				Non-fighting	\Art\Speciality\non fighting.png										
Legendary	French	Adventurer	39	II	5	1	\Art\Adventurers\outcast magister.png	Outcast Magister	\Art\Categories\Types\outlaw.png	\Art\Categories\Types\religious.png	Outlaw, Religious				Melee	\Art\Speciality\melee.png			Can use Soldier skills.							
Normal	Nanyang	Adventurer	351	II	2	1	\Art\Adventurers\batak wisata.png	Batak wisata	\Art\Categories\Types\commoner.png		Commoner	 ٠ Settler	\Art\Categories\settler.png		Non-fighting	\Art\Speciality\non fighting.png				« Ai ise do goarmu? »						
